Unnamed: 0,ville_principale,Code,Libellé,loyer_m2,logements_vacants,med_revenu,jeunes,densite_pop,nouveaux_menages,beneficiaires_rsa,metropole,si_paris,temps_tgv_paris,dist_metropole,temps_trajet
1,Bordeaux,33004,Ambès,10.8,8.6,20490.0,8.0,110.97,9.7,112.4,0,0,124,28.62,32.12
2,Bordeaux,33032,Bassens,12.5,4.9,21280.0,7.7,761.36,13.8,94.3,0,0,124,9.4,15.62
3,Bordeaux,33003,Ambarès-et-Lagrave,12.1,4.5,21780.0,7.7,677.34,8.9,146.2,0,0,124,17.59,25.43
4,Bordeaux,33056,Blanquefort,12.8,3.7,24700.0,8.7,474.9,11.4,84.2,0,0,124,13.51,17.57
5,Bordeaux,33013,Artigues-près-Bordeaux,12.3,3.9,24380.0,7.1,1184.25,9.9,79.7,0,0,124,10.42,17.92
6,Bordeaux,33065,Bouliac,15.4,4.7,30540.0,6.4,503.07,13.0,19.2,0,0,124,7.91,15.0
7,Bordeaux,33039,Bègles,13.8,6.4,23360.0,10.1,3081.3,16.2,89.7,0,0,124,6.22,11.82
8,Bordeaux,33075,Bruges,13.4,4.8,25550.0,8.0,1423.59,13.7,49.3,0,0,124,888.86,505.78
9,Bordeaux,33096,Carbon-Blanc,12.7,3.1,23210.0,7.3,2128.21,10.1,73.9,0,0,124,16.5,21.31
10,Bordeaux,33119,Cenon,13.3,6.9,18920.0,11.6,4868.73,16.5,137.7,0,0,124,7.61,14.29
11,Bordeaux,33069,Le Bouscat,14.4,7.4,27570.0,6.9,4592.26,11.2,61.0,0,0,124,5.15,11.1
12,Bordeaux,33167,Floirac,13.5,7.8,20850.0,7.3,2040.11,9.9,128.7,0,0,124,5.09,10.83
13,Bordeaux,33192,Gradignan,14.2,4.0,25980.0,13.1,1635.13,16.1,56.1,0,0,124,16.15,21.07
14,Bordeaux,33200,Le Haillan,12.8,3.8,25760.0,7.4,1244.3,12.5,56.8,0,0,124,11.47,18.86
15,Bordeaux,33249,Lormont,12.8,5.0,18200.0,9.7,3147.43,12.0,154.6,0,0,124,10.84,16.22
16,Bordeaux,33273,Martignas-sur-Jalle,13.6,4.6,27750.0,7.9,297.35,12.9,27.8,0,0,124,20.73,32.35
17,Bordeaux,33281,Mérignac,14.4,3.6,24770.0,10.0,1571.14,14.5,63.4,0,0,124,9.19,16.4
18,Bordeaux,33063,Bordeaux,15.5,7.2,24870.0,17.2,5299.68,22.2,81.3,1,0,124,,
19,Bordeaux,33318,Pessac,14.2,3.8,25940.0,16.6,1720.62,18.4,60.4,0,0,124,11.66,21.02
20,Bordeaux,33376,Saint-Aubin-de-Médoc,13.3,3.2,31090.0,5.9,218.53,8.2,35.2,0,0,124,19.07,28.1
21,Bordeaux,33434,Saint-Louis-de-Montferrand,12.2,5.0,22090.0,7.3,198.52,12.0,91.9,0,0,124,15.64,25.27
22,Bordeaux,33449,Saint-Médard-en-Jalles,13.7,2.4,26740.0,6.9,381.45,11.3,45.5,0,0,124,16.46,28.45
23,Bordeaux,33487,Saint-Vincent-de-Paul,11.2,7.8,22830.0,5.4,71.73,9.9,154.7,0,0,124,153.26,101.52
24,Bordeaux,33162,Eysines,13.4,4.8,23980.0,7.6,2031.17,14.9,84.2,0,0,124,8.84,15.25
25,Bordeaux,33522,Talence,14.8,5.5,24260.0,25.1,5448.8,25.5,118.1,0,0,124,7.14,14.39
26,Bordeaux,33550,Villenave-d'Ornon,13.2,3.9,23780.0,9.7,1901.41,16.1,73.2,0,0,124,11.72,15.43
27,Bordeaux,33519,Le Taillan-Médoc,12.9,3.3,27210.0,5.7,705.72,8.6,59.5,0,0,124,14.8,23.87
28,Bordeaux,33312,Parempuyre,13,4.0,23910.0,7.0,465.23,15.3,61.7,0,0,124,16.36,22.44
29,Brest,29019,Brest,11.3,6.7,21420.0,16.9,2820.59,20.4,101.4,1,0,205,,
30,Brest,29061,Gouesnou,12.3,4.3,26020.0,6.3,524.55,9.5,45.9,0,0,205,2504.41,1468.08
31,Brest,29011,Bohars,11.3,2.6,28470.0,5.5,495.21,7.9,30.5,0,0,205,2507.37,1472.89
32,Brest,29189,Plougastel-Daoulas,11.3,5.5,26580.0,5.0,287.29,7.8,37.8,0,0,205,2510.12,1471.95
33,Brest,29212,Plouzané,11.8,3.1,24740.0,8.8,407.04,9.9,26.3,0,0,205,2520.46,1485.54
34,Brest,29069,Guilers,11.7,2.9,24640.0,7.0,430.0,9.8,29.7,0,0,205,2511.83,1476.79
35,Brest,29075,Guipavas,11.7,4.0,25310.0,6.8,350.57,9.5,33.9,0,0,205,2502.04,1464.16
36,Brest,29235,Le Relecq-Kerhuon,11.9,3.2,26510.0,6.2,1842.34,10.1,46.4,0,0,205,2505.89,1468.53
37,Clermont-Ferrand,63019,Aulnat,10.2,5.2,20610.0,7.4,979.76,10.6,81.1,0,0,210,100.62,73.78
38,Clermont-Ferrand,63042,Blanzat,11.4,6.6,25110.0,5.2,537.43,7.4,42.0,0,0,210,63.82,50.87
39,Clermont-Ferrand,63014,Aubière,11.5,7.4,24600.0,22.9,1326.1,20.1,48.3,0,0,210,5.25,11.24
40,Clermont-Ferrand,63069,Le Cendre,10.8,5.2,24080.0,6.0,1308.1,9.4,35.6,0,0,210,11.56,14.76
41,Clermont-Ferrand,63032,Beaumont,11.5,8.9,25510.0,9.3,2662.5,13.5,69.4,0,0,210,,
42,Clermont-Ferrand,63075,Chamalières,12.7,12.8,27630.0,7.9,4593.16,14.3,50.3,0,0,210,5.44,13.0
43,Clermont-Ferrand,63099,Châteaugay,11.2,8.6,26340.0,5.9,340.22,8.5,19.2,0,0,210,,
44,Clermont-Ferrand,63113,Clermont-Ferrand,11.6,8.1,20430.0,19.3,3450.28,23.1,116.6,1,0,210,,
45,Clermont-Ferrand,63070,Ceyrat,11.2,10.0,28590.0,4.7,685.27,8.4,47.1,0,0,210,7.88,17.57
46,Clermont-Ferrand,63141,Durtol,10.7,9.7,27850.0,5.2,503.75,7.1,61.4,0,0,210,6.41,14.86
47,Clermont-Ferrand,63164,Gerzat,11.2,6.1,22270.0,8.2,629.33,9.4,137.0,0,0,210,8.13,15.04
48,Clermont-Ferrand,63193,Lempdes,11.4,5.8,23620.0,10.3,704.31,12.0,49.2,0,0,210,7.84,11.04
49,Clermont-Ferrand,63254,Nohanent,10.7,6.3,27570.0,5.7,535.48,7.3,18.3,0,0,210,7.5,16.3
50,Clermont-Ferrand,63263,Orcines,9.6,8.7,29370.0,4.6,83.51,8.7,18.5,0,0,210,9.16,17.78
51,Clermont-Ferrand,63272,Pérignat-lès-Sarliève,11.2,15.6,28530.0,5.6,718.21,10.8,30.1,0,0,210,8.92,12.05
52,Clermont-Ferrand,63063,Cébazat,11.7,6.3,23990.0,5.5,894.6,9.2,74.5,0,0,210,6.38,12.95
53,Clermont-Ferrand,63307,Romagnat,10.4,7.0,25430.0,6.3,468.39,9.2,48.6,0,0,210,11.66,13.94
54,Clermont-Ferrand,63308,Royat,11.6,22.8,27950.0,7.0,667.12,13.9,76.0,0,0,210,6.89,15.76
55,Clermont-Ferrand,63345,Saint-Genès-Champanelle,10.3,8.9,27550.0,4.2,75.25,7.9,17.3,0,0,210,16.62,29.31
56,Clermont-Ferrand,63284,Pont-du-Château,9.8,6.5,24120.0,6.6,576.81,9.9,49.2,0,0,210,12.17,13.68
57,Clermont-Ferrand,63124,Cournon-d'Auvergne,11.8,5.0,23720.0,6.1,1085.65,9.4,77.7,0,0,210,13.55,18.83
58,Dijon,21105,Bressey-sur-Tille,11.4,2.1,24950.0,5.9,153.7,8.0,55.5,0,0,100,15.38,20.23
59,Dijon,21106,Bretenière,10,2.5,25070.0,6.1,152.0,7.9,9.0,0,0,100,13.28,19.03
60,Dijon,21171,Chevigny-Saint-Sauveur,12.7,3.6,23490.0,8.9,904.46,11.6,45.5,0,0,100,11.12,14.48
61,Dijon,21192,Corcelles-les-Monts,11.2,12.0,29080.0,4.7,45.03,9.2,0.0,0,0,100,8.79,14.21
62,Dijon,21223,Daix,13.2,4.8,33340.0,5.8,129.58,11.1,29.2,0,0,100,5.45,10.93
63,Dijon,21166,Chenôve,11.9,6.9,18650.0,8.3,1952.03,11.4,141.3,0,0,100,4.18,8.07
64,Dijon,21263,Fénay,10.1,3.9,27260.0,6.2,161.62,8.8,15.3,0,0,100,11.39,17.11
65,Dijon,21270,Flavignerot,11.2,4.5,27110.0,4.5,35.4,3.7,0.0,0,0,100,11.86,17.8
66,Dijon,21278,Fontaine-lès-Dijon,13,6.4,28750.0,6.5,1966.0,9.7,34.5,0,0,100,5.15,10.88
67,Dijon,21315,Hauteville-lès-Dijon,11.4,4.0,31780.0,6.4,135.22,7.3,22.6,0,0,100,8.41,16.57
68,Dijon,21355,Longvic,12.4,5.0,21840.0,8.4,818.49,14.3,84.5,0,0,100,4.5,8.35
69,Dijon,21003,Ahuy,12.6,3.8,26760.0,7.0,247.5,16.3,32.9,0,0,100,9.29,17.16
70,Dijon,21390,Marsannay-la-Côte,12.1,5.6,23980.0,6.9,414.77,8.6,48.2,0,0,100,6.07,10.41
71,Dijon,21452,Neuilly-Crimolois,11.4,4.6,23690.0,6.7,383.66,8.4,43.3,0,0,100,323.19,194.71
72,Dijon,21473,Ouges,10.1,4.4,25500.0,34.5,132.56,9.0,19.7,0,0,100,8.82,14.75
73,Dijon,21481,Perrigny-lès-Dijon,12.9,4.0,25290.0,6.9,335.67,14.9,40.3,0,0,100,6.7,12.78
74,Dijon,21485,Plombières-lès-Dijon,11,8.8,23480.0,7.6,155.43,9.2,117.1,0,0,100,6.64,12.96
75,Dijon,21515,Quetigny,13.3,3.5,22670.0,9.4,1081.59,9.6,69.9,0,0,100,5.66,10.32
76,Dijon,21540,Saint-Apollinaire,13.6,3.8,25330.0,7.8,734.31,14.1,46.9,0,0,100,5.03,10.29
77,Dijon,21605,Sennecey-lès-Dijon,11.4,2.2,25280.0,7.5,601.47,4.3,40.1,0,0,100,6.88,11.63
78,Dijon,21617,Talant,12.6,5.7,23800.0,7.0,2427.35,10.8,116.3,0,0,100,4.14,9.67
79,Dijon,21370,Magny-sur-Tille,11.4,2.9,26450.0,8.0,83.3,3.9,26.7,0,0,100,14.7,19.62
80,Dijon,21231,Dijon,12.3,7.4,22720.0,18.7,3944.21,22.9,81.8,1,0,100,,
81,Grenoble,38057,Bresson,12.5,4.8,34920.0,6.1,238.21,9.7,26.8,0,0,170,,
82,Grenoble,38068,Champagnier,13.3,4.5,31460.0,4.6,213.03,11.5,11.7,0,0,170,13.13,16.2
83,Grenoble,38111,Claix,12.8,3.9,29740.0,5.6,326.1,7.3,33.3,0,0,170,11.24,15.47
84,Grenoble,38059,Brié-et-Angonnes,14.9,4.9,32620.0,5.6,259.9,9.6,10.0,0,0,170,10.14,19.17
85,Grenoble,38150,Domène,12.7,5.4,24200.0,7.8,1267.92,13.2,46.6,0,0,170,13.21,19.94
86,Grenoble,38151,Échirolles,13,6.1,19930.0,9.4,4664.43,13.5,156.9,0,0,170,4.31,9.48
87,Grenoble,38158,Eybens,13.3,6.1,25120.0,7.8,2216.44,8.3,81.1,0,0,170,5.03,11.86
88,Grenoble,38126,Corenc,13.8,6.8,37560.0,5.5,636.77,9.5,19.0,0,0,170,6.51,13.58
89,Grenoble,38170,Fontanil-Cornillon,13.5,6.7,27990.0,5.8,619.09,15.1,26.7,0,0,170,11.86,16.23
90,Grenoble,38179,Gières,15.6,6.3,26010.0,16.0,1037.83,23.2,37.7,0,0,170,8.87,14.79
91,Grenoble,38185,Grenoble,13,12.7,22140.0,18.3,8700.39,22.1,98.3,1,0,170,,
92,Grenoble,38187,Le Gua,10.2,16.8,26220.0,6.0,64.49,9.5,13.7,0,0,170,506.59,340.19
93,Grenoble,38188,Herbeys,14.2,8.0,32700.0,4.0,178.96,6.8,13.1,0,0,170,8.74,17.27
94,Grenoble,38200,Jarrie,11.9,7.1,28430.0,5.2,293.46,8.1,23.3,0,0,170,11.4,21.17
95,Grenoble,38071,Champ-sur-Drac,11.4,5.1,24940.0,6.3,375.17,13.1,19.9,0,0,170,16.25,23.35
96,Grenoble,38235,Miribel-Lanchâtre,10.2,1.6,27470.0,4.9,46.39,9.9,0.0,0,0,170,30.52,38.13
97,Grenoble,38252,Montchaboud,12.5,3.0,29550.0,5.0,171.0,3.3,0.0,0,0,170,14.97,25.61
98,Grenoble,38258,Mont-Saint-Martin,11.9,4.7,,2.3,16.6,11.6,0.0,0,0,170,637.25,365.12
99,Grenoble,38271,Murianette,14.8,3.3,28880.0,7.4,142.13,7.7,17.4,0,0,170,11.71,20.48
100,Grenoble,38277,Notre-Dame-de-Commiers,9.6,6.9,26970.0,5.4,111.46,5.0,14.9,0,0,170,24.42,28.17
101,Grenoble,38169,Fontaine,12,8.1,20790.0,8.9,3416.57,13.1,100.5,0,0,170,4.99,10.19
102,Grenoble,38281,Noyarey,11.3,6.5,26880.0,4.9,134.73,7.7,19.1,0,0,170,16.57,18.08
103,Grenoble,38309,Poisat,15.7,5.3,28010.0,6.2,816.54,8.7,59.8,0,0,170,4.69,11.41
104,Grenoble,38317,Le Pont-de-Claix,12.3,8.1,20220.0,9.4,1929.46,13.5,110.9,0,0,170,5.79,10.87
105,Grenoble,38325,Proveysieux,11.9,7.9,27350.0,2.7,25.34,7.3,34.7,0,0,170,14.15,21.41
106,Grenoble,38328,Quaix-en-Chartreuse,11.4,6.3,31990.0,4.7,50.17,7.2,8.8,0,0,170,11.42,21.85
107,Grenoble,38364,Saint-Barthélemy-de-Séchilienne,11.4,12.8,26140.0,3.5,35.21,10.9,18.0,0,0,170,27.5,36.29
108,Grenoble,38382,Saint-Égrève,12.2,5.4,25910.0,5.9,1559.17,10.9,64.8,0,0,170,10.1,15.39
109,Grenoble,38388,Saint-Georges-de-Commiers,11.4,5.1,27370.0,5.0,181.23,8.8,6.2,0,0,170,20.33,22.83
110,Grenoble,38421,Saint-Martin-d'Hères,12.7,5.8,21160.0,23.5,4134.84,20.7,70.0,0,0,170,4.32,10.31
111,Grenoble,38423,Saint-Martin-le-Vinoux,13,8.5,24020.0,8.6,576.73,15.4,68.4,0,0,170,5.55,12.26
112,Grenoble,38436,Saint-Paul-de-Varces,12.5,1.3,30530.0,4.7,112.89,6.0,7.8,0,0,170,16.45,19.47
113,Grenoble,38445,Saint-Pierre-de-Mésage,11.4,8.9,26760.0,4.7,113.0,6.1,10.8,0,0,170,21.23,27.69
114,Grenoble,38471,Le Sappey-en-Chartreuse,13.4,9.9,31410.0,4.7,75.3,12.3,13.9,0,0,170,15.88,26.36
115,Grenoble,38472,Sarcenas,11.4,1.8,30770.0,4.5,31.03,6.2,0.0,0,0,170,185.38,138.2
116,Grenoble,38474,Sassenage,13.1,5.6,25750.0,7.7,876.69,8.9,51.3,0,0,170,7.31,14.11
117,Grenoble,38478,Séchilienne,10.6,12.9,24000.0,4.9,47.63,6.5,15.9,0,0,170,25.47,33.92
118,Grenoble,38485,Seyssinet-Pariset,13.1,6.7,24820.0,7.7,1098.41,11.3,49.5,0,0,170,15.99,24.51
119,Grenoble,38486,Seyssins,14.1,4.0,29300.0,5.7,999.62,9.5,37.6,0,0,170,6.47,13.08
120,Grenoble,38516,La Tronche,14.1,11.6,30000.0,16.4,1010.94,17.8,48.4,0,0,170,5.01,11.87
121,Grenoble,38524,Varces-Allières-et-Risset,15.1,6.1,26780.0,16.9,396.51,11.1,26.6,0,0,170,14.19,14.92
122,Grenoble,38528,Vaulnaveys-le-Bas,12.5,5.1,28710.0,5.1,114.29,12.7,17.9,0,0,170,19.47,37.33
123,Grenoble,38529,Vaulnaveys-le-Haut,13.2,10.1,29360.0,5.0,201.01,11.3,10.4,0,0,170,13.66,25.37
124,Grenoble,38533,Venon,14.2,5.3,32850.0,4.1,186.28,7.6,10.7,0,0,170,13.43,24.51
125,Grenoble,38540,Veurey-Voroize,11.9,7.4,27510.0,7.9,114.84,8.9,45.9,0,0,170,15.61,16.89
126,Grenoble,38545,Vif,13.9,5.5,26090.0,7.1,303.32,10.3,29.0,0,0,170,17.03,19.19
127,Grenoble,38562,Vizille,11,12.1,22530.0,8.1,694.57,12.4,62.6,0,0,170,18.31,24.88
128,Grenoble,38229,Meylan,14.6,5.8,30440.0,7.1,1510.0,11.4,38.6,0,0,170,8.02,14.96
129,Grenoble,38279,Notre-Dame-de-Mésage,11.4,4.3,26290.0,5.9,245.78,5.0,0.0,0,0,170,19.65,26.74
130,Lille,59009,Villeneuve-d'Ascq,14.2,4.0,22000.0,15.6,2256.98,15.6,117.6,0,0,60,6.74,14.21
131,Lille,59013,Anstaing,13.5,3.6,27530.0,7.5,696.09,7.0,39.1,0,0,60,12.51,18.57
132,Lille,59005,Allennes-les-Marais,12.1,3.7,26280.0,8.9,636.96,8.8,16.7,0,0,60,20.85,29.25
133,Lille,59025,Aubers,13.1,4.5,29920.0,5.1,170.5,9.5,24.6,0,0,60,22.7,27.27
134,Lille,59011,Annœullin,11.8,3.4,23710.0,8.5,1197.78,9.4,54.8,0,0,60,22.61,27.16
135,Lille,59051,La Bassée,12.1,7.5,20670.0,8.5,1892.0,14.3,113.1,0,0,60,24.72,27.49
136,Lille,59052,Bauvin,10.9,4.9,22360.0,6.6,1281.79,7.6,68.2,0,0,60,25.6,31.5
137,Lille,59056,Beaucamps-Ligny,13.1,4.1,30650.0,7.1,168.8,8.5,37.9,0,0,60,15.15,17.22
138,Lille,59044,Baisieux,14,3.9,26930.0,8.8,595.06,14.2,27.0,0,0,60,71.77,52.16
139,Lille,59090,Bondues,14.2,3.4,34880.0,6.5,741.45,7.7,35.9,0,0,60,11.16,20.71
140,Lille,59098,Bousbecque,12.3,3.3,24840.0,7.5,757.34,7.5,42.5,0,0,60,21.78,27.89
141,Lille,59106,Bouvines,13.5,6.1,29690.0,4.9,279.63,10.0,10.8,0,0,60,13.43,22.3
142,Lille,59128,Capinghem,13.8,5.7,26300.0,12.0,1302.11,31.3,42.6,0,0,60,10.91,13.21
143,Lille,59133,Carnin,12.1,3.9,27100.0,5.2,467.83,8.4,7.4,0,0,60,27.57,28.12
144,Lille,59143,La Chapelle-d'Armentières,12.4,4.2,23360.0,7.8,846.5,14.5,60.3,0,0,60,18.45,22.45
145,Lille,59146,Chéreng,14,3.4,31250.0,7.0,714.52,7.3,13.3,0,0,60,13.92,22.2
146,Lille,59152,Comines,12.7,5.0,22310.0,8.1,791.94,8.1,77.3,0,0,60,17.9,33.77
147,Lille,59163,Croix,13.9,8.5,23360.0,9.4,4722.27,12.9,106.5,0,0,60,9.96,16.5
148,Lille,59173,Deûlémont,12.9,3.8,26320.0,7.8,183.74,7.6,20.7,0,0,60,16.69,28.02
149,Lille,59193,Emmerin,13,6.9,27020.0,5.9,623.06,5.7,31.4,0,0,60,7.2,15.4
150,Lille,59195,Englos,12.9,1.6,30440.0,6.0,438.57,8.4,12.6,0,0,60,9.8,13.81
151,Lille,59196,Ennetières-en-Weppes,13.9,4.6,31230.0,6.3,124.33,7.6,18.8,0,0,60,17.09,20.29
152,Lille,59201,Erquinghem-le-Sec,13.1,1.8,30070.0,7.6,334.44,9.6,12.7,0,0,60,12.28,15.37
153,Lille,59202,Erquinghem-Lys,13.1,3.7,23060.0,7.9,595.11,7.8,42.9,0,0,60,20.67,20.0
154,Lille,59208,Escobecques,13.9,2.7,37210.0,3.3,159.47,2.4,0.0,0,0,60,12.48,16.39
155,Lille,59220,Faches-Thumesnil,13,4.5,22280.0,7.7,3936.96,9.9,211.0,0,0,60,5.41,11.27
156,Lille,59247,Forest-sur-Marque,13.8,2.4,28160.0,7.1,1659.0,10.2,25.3,0,0,60,13.79,20.29
157,Lille,59250,Fournes-en-Weppes,13.4,4.3,29740.0,4.3,267.07,8.3,11.4,0,0,60,16.03,17.21
158,Lille,59252,Frelinghien,12.5,3.6,25080.0,7.0,228.41,8.4,30.7,0,0,60,14.43,25.56
159,Lille,59256,Fretin,12.9,6.6,26580.0,6.7,244.47,7.6,36.4,0,0,60,13.95,18.57
160,Lille,59257,Fromelles,13.1,5.7,29030.0,5.6,126.59,11.2,7.3,0,0,60,20.33,22.93
161,Lille,59275,Gruson,14,3.9,35560.0,8.5,399.03,7.1,6.6,0,0,60,15.43,25.82
162,Lille,59278,Hallennes-lez-Haubourdin,13.5,3.4,24380.0,7.9,1097.21,11.2,35.9,0,0,60,10.31,14.39
163,Lille,59279,Halluin,12.4,4.6,21590.0,8.9,1653.1,11.0,99.8,0,0,60,22.05,24.38
164,Lille,59281,Hantay,12.6,2.8,24950.0,6.2,599.52,7.0,47.4,0,0,60,,
165,Lille,59286,Haubourdin,13.1,5.2,21490.0,8.5,2784.34,11.8,105.9,0,0,60,7.4,15.13
166,Lille,59299,Hem,13.7,3.5,23140.0,7.9,1929.18,9.0,132.8,0,0,60,12.76,17.78
167,Lille,59303,Herlies,12.3,2.5,27360.0,6.8,327.18,8.2,27.9,0,0,60,19.82,21.84
168,Lille,59316,Houplin-Ancoisne,13,5.3,25620.0,6.3,503.85,5.3,31.2,0,0,60,10.01,19.0
169,Lille,59317,Houplines,11.4,6.9,22140.0,7.6,698.85,11.0,82.0,0,0,60,21.83,25.7
170,Lille,59320,Illies,12.6,4.1,24770.0,6.7,210.63,13.2,37.7,0,0,60,1154.0,916.02
171,Lille,59328,Lambersart,14,5.3,28160.0,8.4,4374.35,12.9,66.7,0,0,60,3.7,7.6
172,Lille,59017,Armentières,12.1,9.0,18920.0,10.1,4060.48,14.4,186.5,0,0,60,23.35,24.99
173,Lille,59339,Leers,13.2,4.5,24390.0,7.0,1775.56,8.3,46.7,0,0,60,18.72,23.32
174,Lille,59343,Lesquin,13.6,5.1,25570.0,8.1,1100.12,10.8,46.9,0,0,60,10.44,14.82
175,Lille,59346,Lezennes,13.7,6.5,25880.0,7.5,1437.62,8.8,33.3,0,0,60,10.31,17.34
176,Lille,59350,Lille,15,8.6,20520.0,22.7,6802.01,25.0,130.8,1,0,60,,
177,Lille,59352,Linselles,13.1,3.9,25380.0,7.2,700.17,8.5,39.4,0,0,60,14.6,25.08
178,Lille,59088,Bois-Grenier,13.1,7.6,29050.0,6.9,249.03,10.2,23.0,0,0,60,16.87,17.83
179,Lille,59360,Loos,13.5,7.5,19610.0,14.7,3287.57,16.2,116.7,0,0,60,5.01,9.59
180,Lille,59367,Lys-lez-Lannoy,13.1,4.9,22400.0,8.1,4179.7,10.9,103.8,0,0,60,16.43,22.71
181,Lille,59368,La Madeleine,14.7,8.7,25270.0,8.9,8031.43,15.8,73.8,0,0,60,1155.77,651.56
182,Lille,59371,Le Maisnil,13.9,4.2,34170.0,6.1,179.43,8.1,0.0,0,0,60,15.53,20.07
183,Lille,59378,Marcq-en-Barœul,14.8,6.2,29490.0,7.2,2811.14,12.2,56.9,0,0,60,6.65,12.99
184,Lille,59386,Marquette-lez-Lille,13,3.6,24500.0,7.8,2288.37,10.0,79.1,0,0,60,6.65,12.99
185,Lille,59388,Marquillies,12.3,5.1,26720.0,5.6,287.25,7.0,31.3,0,0,60,19.43,21.39
186,Lille,59410,Mons-en-Barœul,13.4,6.4,19570.0,10.7,7402.41,10.3,139.1,0,0,60,4.61,8.99
187,Lille,59421,Mouvaux,14.3,5.6,29430.0,6.5,3136.43,8.1,48.5,0,0,60,10.59,16.6
188,Lille,59426,Neuville-en-Ferrain,13,3.1,25120.0,7.3,1638.71,6.6,33.3,0,0,60,19.29,24.7
189,Lille,59437,Noyelles-lès-Seclin,13,4.6,28500.0,7.9,352.08,6.2,30.9,0,0,60,8.43,17.52
190,Lille,59457,Pérenchies,13.2,4.0,23810.0,8.3,2839.67,11.4,56.7,0,0,60,9.46,17.48
191,Lille,59458,Péronne-en-Mélantois,13.3,7.9,30020.0,7.5,912.73,15.0,0.0,0,0,60,16.47,21.56
192,Lille,59470,Prémesques,13.1,2.8,28490.0,7.3,403.92,8.7,19.0,0,0,60,11.12,19.28
193,Lille,59477,Provin,11.4,6.0,22130.0,8.1,1314.41,11.2,60.2,0,0,60,30.27,31.49
194,Lille,59482,Quesnoy-sur-Deûle,12.5,4.5,25610.0,7.9,480.56,9.6,81.5,0,0,60,13.13,24.14
195,Lille,59487,Radinghem-en-Weppes,13.9,4.6,31950.0,5.7,204.85,6.4,17.9,0,0,60,15.5,20.04
196,Lille,59507,Ronchin,13.4,4.4,22130.0,9.4,3599.44,11.7,133.9,0,0,60,4.64,10.2
197,Lille,59508,Roncq,13.1,3.3,25280.0,8.0,1300.38,10.0,50.9,0,0,60,15.92,18.51
198,Lille,59512,Roubaix,12.5,9.9,14580.0,11.7,7491.82,14.1,380.9,0,0,60,13.26,21.27
199,Lille,59522,Sailly-lez-Lannoy,13.3,3.2,29860.0,7.0,442.95,18.0,29.0,0,0,60,14.87,23.29
200,Lille,59523,Sainghin-en-Mélantois,13.6,5.9,31510.0,5.4,271.24,9.0,39.1,0,0,60,16.5,21.68
201,Lille,59524,Sainghin-en-Weppes,12.2,6.4,24770.0,7.4,732.6,9.3,30.0,0,0,60,17.77,18.49
202,Lille,59527,Saint-André-lez-Lille,14.4,3.8,24610.0,8.1,4044.38,12.9,73.8,0,0,60,4.3,8.62
203,Lille,59550,Salomé,12.6,6.8,22610.0,6.4,586.73,10.9,59.3,0,0,60,,
204,Lille,59553,Santes,13.1,2.9,26460.0,7.4,744.74,9.3,25.8,0,0,60,14.61,24.36
205,Lille,59560,Seclin,13,5.1,22460.0,8.0,737.59,10.0,127.3,0,0,60,16.4,19.93
206,Lille,59566,Sequedin,13.1,5.5,25180.0,10.7,1221.03,14.7,25.6,0,0,60,10.82,16.41
207,Lille,59585,Templemars,12.9,4.6,26250.0,7.3,790.22,11.5,61.0,0,0,60,11.63,17.45
208,Lille,59598,Toufflers,13,5.1,25270.0,7.1,1629.17,7.3,29.2,0,0,60,16.67,23.68
209,Lille,59599,Tourcoing,12.4,9.0,18300.0,9.7,6513.88,12.8,210.7,0,0,60,14.66,20.88
210,Lille,59602,Tressin,13.5,3.5,29900.0,7.6,734.21,8.6,17.5,0,0,60,13.48,21.76
211,Lille,59609,Vendeville,13.5,5.0,29430.0,6.7,594.62,9.9,38.0,0,0,60,9.51,13.21
212,Lille,59611,Verlinghem,13.6,3.6,30870.0,7.3,264.65,9.2,20.5,0,0,60,8.05,15.35
213,Lille,59636,Wambrechies,13.8,5.1,26900.0,6.2,696.65,9.2,42.8,0,0,60,7.13,14.56
214,Lille,59643,Warneton,12.2,3.9,23690.0,3.8,55.71,4.2,0.0,0,0,60,18.46,30.23
215,Lille,59646,Wasquehal,14.3,5.5,25910.0,7.9,3019.71,12.7,59.9,0,0,60,7.9,15.46
216,Lille,59648,Wattignies,13.3,4.9,21990.0,10.1,2465.24,11.7,130.7,0,0,60,6.48,12.93
217,Lille,59650,Wattrelos,12.8,3.3,19450.0,8.4,3047.46,8.2,155.7,0,0,60,16.66,24.0
218,Lille,59653,Wavrin,12.2,4.8,23980.0,7.3,571.54,8.2,55.7,0,0,60,15.67,19.77
219,Lille,59656,Wervicq-Sud,13.3,3.3,23810.0,7.6,1039.02,10.0,45.4,0,0,60,23.15,30.74
220,Lille,59658,Wicres,12.3,6.4,27320.0,5.7,194.29,9.1,0.0,0,0,60,18.87,20.49
221,Lille,59660,Willems,13,5.0,25680.0,7.8,516.55,8.7,46.5,0,0,60,16.0,24.45
222,Lille,59670,Don,12.1,5.8,24970.0,7.6,613.91,11.1,11.2,0,0,60,,
223,Lille,59332,Lannoy,12.9,7.8,19710.0,9.1,9000.0,15.4,121.1,0,0,60,15.54,22.0
224,Lille,59356,Lompret,13.8,5.5,34540.0,6.6,703.87,6.7,7.6,0,0,60,166.95,112.56
225,Lyon,69003,Albigny-sur-Saône,14,7.9,27080.0,6.6,1150.38,12.8,73.9,0,0,115,19.58,35.59
226,Lyon,69033,Cailloux-sur-Fontaines,13.9,4.8,34010.0,5.8,337.59,9.4,13.3,0,0,115,17.53,33.87
227,Lyon,69040,Champagne-au-Mont-d'Or,14.9,7.3,27100.0,7.2,2283.08,14.1,62.7,0,0,115,10.67,20.02
228,Lyon,69029,Bron,14.7,5.9,21950.0,12.0,4179.51,12.7,104.8,0,0,115,8.71,14.95
229,Lyon,69046,Charly,14,3.8,33860.0,6.4,903.14,10.4,22.1,0,0,115,4015.45,2723.72
230,Lyon,69063,Collonges-au-Mont-d'Or,13.9,7.9,35240.0,5.9,1188.68,11.4,55.3,0,0,115,13.32,26.57
231,Lyon,69068,Couzon-au-Mont-d'Or,12.7,10.2,28290.0,6.4,790.97,11.0,50.1,0,0,115,16.63,30.58
232,Lyon,69044,Charbonnières-les-Bains,13.8,9.6,36390.0,6.6,1295.37,14.4,30.5,0,0,115,11.24,19.63
233,Lyon,69071,Curis-au-Mont-d'Or,13.6,4.2,33160.0,6.4,393.0,10.2,26.4,0,0,115,24.11,37.41
234,Lyon,69072,Dardilly,15.7,7.3,32510.0,8.3,630.57,11.7,43.5,0,0,115,12.96,21.36
235,Lyon,69081,Écully,15,8.3,29600.0,13.5,2185.83,13.3,52.5,0,0,115,9.86,18.01
236,Lyon,69085,Fleurieu-sur-Saône,13.5,4.7,31110.0,7.7,517.59,11.6,15.0,0,0,115,18.67,33.35
237,Lyon,69087,Fontaines-Saint-Martin,13.7,6.5,34190.0,6.2,1127.04,5.6,58.8,0,0,115,16.6,31.07
238,Lyon,69088,Fontaines-sur-Saône,12.1,5.9,25230.0,6.5,3063.91,11.3,71.2,0,0,115,13.37,26.83
239,Lyon,69034,Caluire-et-Cuire,14.6,7.2,27370.0,7.1,4189.62,12.3,66.3,0,0,115,9.72,20.04
240,Lyon,69091,Givors,11,8.3,18160.0,7.8,1193.87,10.6,206.7,0,0,115,20.68,24.38
241,Lyon,69096,Grigny,11.8,5.7,21900.0,8.3,1698.45,10.5,81.5,0,0,115,437.16,249.89
242,Lyon,69100,Irigny,13.3,5.5,25740.0,7.0,1007.61,9.2,71.0,0,0,115,9.98,17.14
243,Lyon,69116,Limonest,15.6,11.0,34510.0,8.6,456.9,16.5,29.7,0,0,115,14.77,23.42
244,Lyon,69117,Lissieu,13.6,5.1,33180.0,6.6,559.3,11.7,25.7,0,0,115,18.96,31.21
245,Lyon,69069,Craponne,13.9,5.6,27380.0,6.9,2587.61,10.7,42.4,0,0,115,13.19,23.08
246,Lyon,69127,Marcy-l'Étoile,12.8,4.6,29680.0,9.1,674.81,12.1,25.9,0,0,115,14.49,25.55
247,Lyon,69142,La Mulatière,13.5,11.9,22750.0,7.9,3663.89,11.2,105.2,0,0,115,3.23,9.04
248,Lyon,69143,Neuville-sur-Saône,14,9.3,23150.0,7.4,1403.82,16.4,88.0,0,0,115,21.0,38.62
249,Lyon,69149,Oullins-Pierre-Bénite,N/A - résultat non disponible,7.2,23260.0,10.3,4227.87,13.4,44.4,0,0,115,5.12,13.15
250,Lyon,69153,Poleymieux-au-Mont-d'Or,16.4,5.0,35970.0,15.3,226.29,8.2,5.0,0,0,115,22.0,33.76
251,Lyon,69163,Quincieux,12.3,5.5,26670.0,6.5,200.51,8.8,34.1,0,0,115,26.04,38.28
252,Lyon,69168,Rochetaillée-sur-Saône,12.4,7.2,29240.0,6.0,1186.92,10.6,76.4,0,0,115,16.66,30.97
253,Lyon,69191,Saint-Cyr-au-Mont-d'Or,17.2,9.9,40340.0,5.9,808.22,12.2,54.5,0,0,115,13.32,23.27
254,Lyon,69194,Saint-Didier-au-Mont-d'Or,17.2,4.3,42270.0,6.0,875.3,8.8,27.3,0,0,115,13.0,22.78
255,Lyon,69199,Saint-Fons,13.2,6.0,16880.0,9.0,3173.77,9.9,208.3,0,0,115,4.17,8.65
256,Lyon,69202,Sainte-Foy-lès-Lyon,15.1,5.4,28780.0,6.6,3214.41,9.5,56.5,0,0,115,6.65,14.22
257,Lyon,69204,Saint-Genis-Laval,13.9,4.4,26810.0,8.2,1622.4,10.6,78.3,0,0,115,11.52,17.43
258,Lyon,69205,Saint-Genis-les-Ollières,13,4.4,30290.0,6.6,1432.43,8.2,37.9,0,0,115,12.61,21.63
259,Lyon,69207,Saint-Germain-au-Mont-d'Or,12.6,4.3,27110.0,6.4,551.48,9.8,57.8,0,0,115,25.74,39.27
260,Lyon,69233,Saint-Romain-au-Mont-d'Or,13.6,5.2,35130.0,7.2,476.15,9.1,26.2,0,0,115,16.52,30.25
261,Lyon,69244,Tassin-la-Demi-Lune,15,4.9,29010.0,8.2,2907.18,13.5,55.5,0,0,115,9.99,17.93
262,Lyon,69250,La Tour-de-Salvagny,14.2,7.4,33530.0,5.9,508.57,11.5,22.7,0,0,115,15.56,27.24
263,Lyon,69256,Vaulx-en-Velin,14,7.2,17180.0,10.4,2482.81,10.9,225.7,0,0,115,13.88,22.57
264,Lyon,69259,Vénissieux,13.6,8.0,17140.0,9.9,4337.45,11.0,233.1,0,0,115,6.04,12.37
265,Lyon,69260,Vernaison,13.3,5.6,27760.0,6.6,1285.0,9.5,100.2,0,0,115,112.8,77.56
266,Lyon,69266,Villeurbanne,14.5,8.1,21540.0,16.8,10822.62,20.9,126.1,0,0,115,8.76,22.24
267,Lyon,69271,Chassieu,15,3.1,28750.0,8.3,956.21,8.6,55.5,0,0,115,13.97,22.37
268,Lyon,69273,Corbas,13.7,3.9,25250.0,8.7,918.66,8.0,48.3,0,0,115,12.66,16.53
269,Lyon,69275,Décines-Charpieu,14,5.4,22050.0,8.6,1748.88,12.6,120.9,0,0,115,15.29,24.67
270,Lyon,69276,Feyzin,12.7,6.4,22210.0,8.3,1026.04,12.5,159.6,0,0,115,7.92,12.99
271,Lyon,69278,Genay,13.1,5.0,26920.0,6.6,649.41,10.5,54.7,0,0,115,34.84,37.11
272,Lyon,69279,Jonage,13.4,2.8,28030.0,7.9,509.09,9.5,24.4,0,0,115,27.15,35.73
273,Lyon,69282,Meyzieu,13.9,4.3,23860.0,8.0,1560.09,10.9,77.4,0,0,115,23.85,31.63
274,Lyon,69283,Mions,14.6,2.8,26070.0,7.2,1181.64,8.0,61.6,0,0,115,15.7,21.61
275,Lyon,69284,Montanay,14.2,3.9,33600.0,6.8,451.25,9.2,9.6,0,0,115,3339.77,2280.6
276,Lyon,69286,Rillieux-la-Pape,13.8,6.9,19980.0,8.3,2154.97,8.4,164.6,0,0,115,13.61,26.18
277,Lyon,69290,Saint-Priest,13.9,7.6,21420.0,8.5,1643.84,11.1,115.6,0,0,115,11.46,21.54
278,Lyon,69292,Sathonay-Camp,14.2,5.9,24460.0,8.5,3429.0,19.9,59.7,0,0,115,13.19,27.62
279,Lyon,69293,Sathonay-Village,13.7,3.5,33220.0,7.0,465.96,8.9,13.3,0,0,115,14.91,29.62
280,Lyon,69296,Solaize,14.7,5.6,29430.0,6.0,380.49,7.9,18.7,0,0,115,12.56,17.42
281,Lyon,69089,Francheville,13.9,5.2,28120.0,7.6,1854.15,10.1,59.6,0,0,115,10.78,22.16
282,Lyon,69123,Lyon,15.6,8.6,25430.0,16.1,10902.92,20.0,0.0,1,0,115,,
283,Marseille,13001,Aix-en-Provence,17.6,8.9,25810.0,15.7,792.47,20.7,60.0,0,0,185,32.17,35.81
284,Marseille,13002,Allauch,15.7,6.5,27620.0,6.2,427.24,9.3,38.4,0,0,185,10.38,20.67
285,Marseille,13003,Alleins,12.2,5.6,26040.0,5.1,164.52,10.7,14.5,0,0,185,74.09,60.86
286,Marseille,13005,Aubagne,14.7,7.1,22550.0,7.7,862.33,11.4,96.9,0,0,185,17.81,20.43
287,Marseille,13007,Auriol,14.3,6.5,26260.0,7.2,287.87,12.1,40.1,0,0,185,26.28,24.73
288,Marseille,13008,Aurons,14.2,4.4,30160.0,4.1,44.06,8.8,15.3,0,0,185,61.9,57.79
289,Marseille,13009,La Barben,15.6,5.3,30140.0,6.4,37.12,11.2,25.6,0,0,185,60.39,57.9
290,Marseille,13012,Beaurecueil,18.1,3.2,37890.0,4.8,61.31,11.0,16.2,0,0,185,36.61,38.66
291,Marseille,13013,Belcodène,15.1,5.5,29980.0,5.0,149.85,9.6,16.6,0,0,185,35.41,31.36
292,Marseille,13014,Berre-l'Étang,14,6.0,20370.0,7.8,319.08,10.7,97.9,0,0,185,37.36,38.75
293,Marseille,13015,Bouc-Bel-Air,17.4,4.3,30840.0,5.6,699.45,9.9,31.3,0,0,185,23.65,28.35
294,Marseille,13016,La Bouilladisse,14.7,6.7,27220.0,6.1,503.25,7.6,37.4,0,0,185,28.49,26.84
295,Marseille,13019,Cabriès,17.5,4.5,32780.0,6.4,275.89,9.2,26.1,0,0,185,20.65,26.22
296,Marseille,13020,Cadolive,15,7.4,26530.0,5.4,524.29,9.1,14.5,0,0,185,38.75,35.48
297,Marseille,13021,Carry-le-Rouet,18.8,10.8,32780.0,4.2,565.15,9.5,37.1,0,0,185,35.82,45.6
298,Marseille,13022,Cassis,17.9,6.5,28740.0,4.6,249.81,9.9,38.9,0,0,185,29.28,30.0
299,Marseille,13023,Ceyreste,15.6,7.6,28010.0,5.2,212.96,10.1,33.4,0,0,185,31.96,35.48
300,Marseille,13024,Charleval,12.8,7.6,23340.0,5.5,182.5,12.0,52.4,0,0,185,79.82,66.73
301,Marseille,13025,Châteauneuf-le-Rouge,16.9,6.0,31590.0,5.4,178.56,8.2,14.0,0,0,185,38.53,37.64
302,Marseille,13026,Châteauneuf-les-Martigues,15.4,3.8,23570.0,6.3,566.74,11.1,99.9,0,0,185,29.15,28.64
303,Marseille,13028,La Ciotat,16.6,3.5,23580.0,6.2,1174.19,10.5,90.0,0,0,185,29.98,30.53
304,Marseille,13029,Cornillon-Confoux,12.6,5.6,29130.0,4.2,105.44,7.0,26.5,0,0,185,61.65,55.38
305,Marseille,13030,Cuges-les-Pins,12.6,5.5,25090.0,7.0,145.93,13.5,59.3,0,0,185,27.45,29.0
306,Marseille,13031,La Destrousse,15.7,3.8,26120.0,5.8,1349.31,10.9,39.8,0,0,185,28.37,26.17
307,Marseille,13032,Éguilles,15.7,5.2,32090.0,5.1,241.06,11.1,32.6,0,0,185,38.73,44.22
308,Marseille,13033,Ensuès-la-Redonne,17.3,4.8,29210.0,5.1,223.57,9.1,36.0,0,0,185,31.76,34.84
309,Marseille,13035,Eyguières,13.2,6.2,25680.0,5.3,100.1,11.6,51.9,0,0,185,63.73,61.02
310,Marseille,13037,La Fare-les-Oliviers,15,5.2,26620.0,6.0,633.36,14.4,32.8,0,0,185,41.41,43.67
311,Marseille,13039,Fos-sur-Mer,14.5,4.7,23680.0,7.5,167.59,8.6,75.5,0,0,185,55.26,50.19
312,Marseille,13040,Fuveau,15.5,5.8,28140.0,5.5,337.17,10.7,32.3,0,0,185,37.98,34.33
313,Marseille,13041,Gardanne,15.2,5.6,22780.0,8.4,784.22,14.5,90.0,0,0,185,28.47,31.25
314,Marseille,13042,Gémenos,16.5,6.9,28710.0,5.4,207.13,10.7,35.1,0,0,185,21.91,24.18
315,Marseille,13043,Gignac-la-Nerthe,15.9,3.8,24490.0,6.5,1172.44,16.7,78.7,0,0,185,27.75,33.58
316,Marseille,13044,Grans,13.6,6.3,26790.0,5.5,191.09,11.3,38.9,0,0,185,,
317,Marseille,13046,Gréasque,16,5.1,26900.0,5.4,708.39,11.1,35.9,0,0,185,38.02,33.38
318,Marseille,13047,Istres,14.1,3.9,22710.0,7.6,392.06,11.8,97.5,0,0,185,,
319,Marseille,13048,Jouques,13.1,7.7,25220.0,5.6,54.84,10.5,49.5,0,0,185,63.31,62.36
320,Marseille,13049,Lamanon,13.8,9.1,26340.0,4.6,106.56,10.7,29.4,0,0,185,62.19,58.4
321,Marseille,13050,Lambesc,13.8,5.2,26100.0,5.5,153.0,15.4,43.1,0,0,185,54.28,56.2
322,Marseille,13051,Lançon-Provence,13.5,4.6,26720.0,6.0,135.56,11.1,52.5,0,0,185,44.5,45.7
323,Marseille,13053,Mallemort,13.4,6.7,24230.0,6.4,218.87,13.7,59.6,0,0,185,75.49,62.03
324,Marseille,13054,Marignane,14.6,7.1,21690.0,7.2,1422.54,9.5,123.1,0,0,185,27.73,32.58
325,Marseille,13055,Marseille,14.9,8.0,20600.0,9.6,3628.74,13.4,0.0,1,0,185,,
326,Marseille,13056,Martigues,14.8,6.5,22570.0,6.8,680.22,11.4,143.4,0,0,185,42.48,39.46
327,Marseille,13059,Meyrargues,14.2,7.7,25340.0,6.7,91.85,12.3,53.9,0,0,185,48.62,47.73
328,Marseille,13060,Meyreuil,17.2,4.1,27130.0,6.9,295.27,11.1,28.1,0,0,185,31.8,33.81
329,Marseille,13062,Mimet,15.4,3.5,29340.0,4.9,223.9,6.7,20.1,0,0,185,30.81,35.76
330,Marseille,13063,Miramas,13.3,6.0,19810.0,7.0,1027.43,10.6,127.4,0,0,185,65.86,57.13
331,Marseille,13069,Pélissanne,14.1,5.7,27170.0,5.6,552.57,10.2,34.5,0,0,185,58.12,54.64
332,Marseille,13070,La Penne-sur-Huveaune,15.1,4.4,24300.0,7.2,1824.72,12.1,74.4,0,0,185,12.19,17.37
333,Marseille,13071,Les Pennes-Mirabeau,16.1,6.2,26320.0,6.7,657.6,9.9,47.7,0,0,185,17.42,22.43
334,Marseille,13072,Peynier,14.6,8.9,29250.0,5.8,147.18,11.1,20.1,0,0,185,40.09,34.44
335,Marseille,13073,Peypin,15,4.0,27300.0,5.0,422.03,7.8,27.2,0,0,185,30.34,31.0
336,Marseille,13074,Peyrolles-en-Provence,13.6,7.1,23830.0,6.8,149.66,10.4,54.6,0,0,185,58.11,54.23
337,Marseille,13075,Plan-de-Cuques,16.8,3.9,26120.0,6.6,1340.71,8.0,43.8,0,0,185,9.17,17.32
338,Marseille,13077,Port-de-Bouc,13.5,10.8,20030.0,6.9,1403.13,10.0,385.9,0,0,185,46.0,41.93
339,Marseille,13078,Port-Saint-Louis-du-Rhône,12.4,9.7,20700.0,6.8,115.07,10.2,125.8,0,0,185,72.57,68.37
340,Marseille,13079,Puyloubier,12.5,7.3,28700.0,7.0,43.59,10.9,40.6,0,0,185,49.4,49.52
341,Marseille,13080,Le Puy-Sainte-Réparade,14.5,8.9,26760.0,5.5,125.92,13.8,63.1,0,0,185,55.25,50.9
342,Marseille,13081,Rognac,14.6,4.1,24630.0,6.4,695.71,7.8,42.9,0,0,185,32.79,34.14
343,Marseille,13082,Rognes,14.2,10.2,28820.0,4.8,78.66,8.6,35.1,0,0,185,2860.47,1816.61
344,Marseille,13084,La Roque-d'Anthéron,13.6,8.2,22940.0,6.4,210.86,10.6,82.8,0,0,185,60.48,66.47
345,Marseille,13085,Roquefort-la-Bédoule,16.1,6.3,27130.0,4.7,188.46,9.9,42.9,0,0,185,21.76,21.9
346,Marseille,13086,Roquevaire,14.5,10.0,26260.0,6.2,364.41,10.2,54.1,0,0,185,21.89,25.11
347,Marseille,13087,Rousset,15.4,6.9,25650.0,7.0,267.13,11.7,44.5,0,0,185,173.63,116.23
348,Marseille,13088,Le Rove,16.7,5.1,25810.0,5.2,225.83,8.0,60.4,0,0,185,18.88,32.17
349,Marseille,13090,Saint-Antonin-sur-Bayon,18.1,13.1,34270.0,3.2,7.1,12.5,0.0,0,0,185,46.98,64.09
350,Marseille,13091,Saint-Cannat,15,7.7,28080.0,5.3,154.88,11.3,35.6,0,0,185,48.76,52.64
351,Marseille,13092,Saint-Chamas,13.2,5.3,24610.0,5.9,323.71,13.8,47.9,0,0,185,54.13,56.61
352,Marseille,13093,Saint-Estève-Janson,15,5.6,28260.0,4.6,42.76,8.4,20.0,0,0,185,59.62,55.62
353,Marseille,13095,Saint-Marc-Jaumegarde,18.1,8.9,37290.0,3.9,55.18,9.1,22.3,0,0,185,40.97,50.86
354,Marseille,13098,Saint-Mitre-les-Remparts,13.9,8.2,26910.0,5.2,276.95,8.2,55.7,0,0,185,50.26,49.37
355,Marseille,13099,Saint-Paul-lès-Durance,15.5,6.2,23350.0,7.0,19.37,12.6,61.0,0,0,185,76.19,67.31
356,Marseille,13101,Saint-Savournin,15.2,6.9,27300.0,5.7,593.39,11.2,18.1,0,0,185,40.05,35.13
357,Marseille,13102,Saint-Victoret,15.9,5.3,22680.0,7.3,1414.47,6.1,71.9,0,0,185,26.67,29.91
358,Marseille,13103,Salon-de-Provence,13.5,10.7,22400.0,7.9,636.29,13.8,90.7,0,0,185,54.64,47.66
359,Marseille,13104,Sausset-les-Pins,19.1,4.1,28750.0,4.3,625.04,8.1,30.1,0,0,185,32.99,33.93
360,Marseille,13105,Sénas,12.6,6.9,22230.0,5.7,223.46,11.1,85.9,0,0,185,66.83,53.07
361,Marseille,13106,Septèmes-les-Vallons,15.2,5.5,22740.0,7.0,659.21,8.4,108.2,0,0,185,17.71,22.32
362,Marseille,13107,Simiane-Collongue,15.4,5.0,28770.0,6.1,196.28,11.7,27.2,0,0,185,24.16,26.03
363,Marseille,13109,Le Tholonet,18.6,6.6,32930.0,6.0,218.06,13.1,24.0,0,0,185,36.28,38.41
364,Marseille,13110,Trets,13.3,7.1,25260.0,6.6,151.89,13.6,54.0,0,0,185,44.13,41.92
365,Marseille,13111,Vauvenargues,15.5,7.0,28040.0,5.2,19.17,8.9,8.4,0,0,185,45.42,55.04
366,Marseille,13112,Velaux,15.2,4.4,28760.0,6.0,345.75,9.1,29.8,0,0,185,37.38,41.59
367,Marseille,13113,Venelles,17.3,5.3,29240.0,5.5,411.02,9.5,25.8,0,0,185,42.09,41.06
368,Marseille,13114,Ventabren,17.5,10.7,33710.0,4.6,208.52,8.6,15.5,0,0,185,35.08,43.67
369,Marseille,13115,Vernègues,13.1,4.7,25530.0,6.2,133.52,13.9,28.7,0,0,185,64.67,61.16
370,Marseille,13117,Vitrolles,16.1,6.5,22090.0,7.4,970.82,9.2,124.6,0,0,185,26.62,30.54
371,Marseille,13118,Coudoux,16.1,4.5,29730.0,5.7,293.39,8.3,19.7,0,0,185,41.59,41.93
372,Marseille,13119,Carnoux-en-Provence,16.2,2.6,26380.0,6.1,1927.71,13.6,38.9,0,0,185,20.15,23.69
373,Marseille,84089,Pertuis,13.6,8.7,23120.0,7.3,302.3,14.4,102.5,0,0,185,53.92,52.27
374,Marseille,83120,Saint-Zacharie,13.4,6.4,25990.0,5.4,219.67,13.2,48.5,0,0,185,,
375,Metz,57017,Amanvillers,10.5,3.8,25870.0,6.4,216.43,8.2,32.9,0,0,85,16.53,23.6
376,Metz,57031,Ars-Laquenexy,11.2,2.4,30860.0,8.5,150.65,8.1,8.1,0,0,85,8.45,16.91
377,Metz,57049,Le Ban-Saint-Martin,12,8.1,23500.0,8.8,2885.62,16.3,54.8,0,0,85,4.31,10.97
378,Metz,57134,Châtel-Saint-Germain,12.2,5.6,27390.0,7.6,146.67,17.2,16.5,0,0,85,9.96,17.14
379,Metz,57032,Ars-sur-Moselle,11.3,7.7,21290.0,8.1,400.95,12.8,92.8,0,0,85,10.83,15.5
380,Metz,57142,Chieulles,12.3,5.0,33320.0,5.3,161.15,4.2,18.4,0,0,85,9.84,15.28
381,Metz,57146,Coin-lès-Cuvry,12,4.7,29150.0,6.9,121.04,4.6,29.4,0,0,85,18.11,18.2
382,Metz,57147,Coin-sur-Seille,9.4,2.8,29650.0,5.7,100.91,9.0,0.0,0,0,85,20.27,21.21
383,Metz,57140,Chesny,11.4,2.7,28610.0,5.0,131.4,6.0,26.6,0,0,85,11.53,18.08
384,Metz,57212,Féy,12,4.1,30250.0,5.4,128.95,5.4,11.1,0,0,85,,
385,Metz,57256,Gravelotte,10.5,3.4,25100.0,6.8,142.11,10.2,35.8,0,0,85,7661.77,4687.42
386,Metz,57351,Jury,11.2,4.2,27620.0,8.8,418.12,12.4,10.9,0,0,85,2241.66,1332.98
387,Metz,57352,Jussy,12.2,7.8,35040.0,5.1,155.86,9.1,0.0,0,0,85,440.62,267.1
388,Metz,57385,Laquenexy,11.2,3.6,27660.0,6.0,139.34,8.4,18.8,0,0,85,12.63,19.27
389,Metz,57039,Augny,12.2,3.1,28100.0,6.4,142.4,9.6,36.5,0,0,85,10.79,14.37
390,Metz,57412,Longeville-lès-Metz,11.6,9.2,25800.0,9.5,1466.67,15.4,49.5,0,0,85,4.15,10.29
391,Metz,57415,Lorry-lès-Metz,12,3.9,31000.0,5.1,283.77,5.7,19.9,0,0,85,8.48,15.72
392,Metz,57416,Lorry-Mardigny,9.8,5.6,25360.0,5.2,58.86,11.0,11.6,0,0,85,21.26,23.11
393,Metz,57445,Marieulles,9.4,5.7,28890.0,6.3,85.37,4.9,0.0,0,0,85,18.89,20.9
394,Metz,57447,Marly,13.5,2.6,27920.0,6.4,923.24,7.4,35.7,0,0,85,325.99,192.33
395,Metz,57452,La Maxe,12.3,6.0,28690.0,6.4,137.76,12.6,22.0,0,0,85,9.12,12.75
396,Metz,57454,Mécleuves,11.2,2.5,29310.0,6.3,93.49,5.6,13.2,0,0,85,12.3,18.05
397,Metz,57463,Metz,12.6,11.3,20940.0,13.9,2884.82,18.8,124.8,1,0,85,,
398,Metz,57467,Mey,12.6,4.4,26360.0,7.1,162.63,18.3,25.6,0,0,85,4174.05,2341.33
399,Metz,57480,Montigny-lès-Metz,11.5,7.8,21930.0,8.3,3261.79,11.5,104.5,0,0,85,3.55,8.93
400,Metz,57487,Moulins-lès-Metz,13.1,7.8,24460.0,6.6,726.86,10.1,72.1,0,0,85,8.36,10.21
401,Metz,57510,Noisseville,11.2,8.0,28370.0,5.7,421.92,12.5,45.9,0,0,85,9.06,17.06
402,Metz,57512,Nouilly,11.8,4.6,28670.0,5.3,300.0,8.8,33.1,0,0,85,7.47,15.15
403,Metz,57534,Peltre,12.6,6.3,29680.0,8.1,216.79,8.9,23.3,0,0,85,11.78,18.65
404,Metz,57545,Plappeville,11.6,5.4,31940.0,6.3,811.2,7.1,45.2,0,0,85,6.7,14.54
405,Metz,57552,Pouilly,9.4,7.6,27220.0,5.4,162.16,14.3,20.8,0,0,85,553.23,317.73
406,Metz,57553,Pournoy-la-Chétive,9.4,0.4,27920.0,5.5,238.08,6.7,56.0,0,0,85,19.08,19.01
407,Metz,57593,Roncourt,11.2,6.4,23780.0,4.8,155.07,5.6,31.9,0,0,85,136.34,89.84
408,Metz,57601,Rozérieulles,12.2,4.4,28650.0,5.4,200.91,6.9,18.2,0,0,85,9.17,15.18
409,Metz,57616,Saint-Julien-lès-Metz,12.6,7.0,28780.0,7.1,763.91,10.6,43.6,0,0,85,3.9,9.52
410,Metz,57622,Saint-Privat-la-Montagne,11.1,5.5,24440.0,7.5,325.0,8.4,38.1,0,0,85,24.93,26.6
411,Metz,57624,Sainte-Ruffine,12.2,4.1,29700.0,5.4,840.0,7.0,43.7,0,0,85,8.84,16.1
412,Metz,57634,Saulny,11.6,4.0,31870.0,6.5,159.08,7.0,20.0,0,0,85,10.46,18.96
413,Metz,57642,Scy-Chazelles,12.6,8.3,28380.0,6.1,591.56,10.0,38.5,0,0,85,6.21,14.42
414,Metz,57693,Vantoux,12.7,3.4,30980.0,5.8,325.2,9.6,11.9,0,0,85,258.85,159.66
415,Metz,57694,Vany,11.8,4.4,31890.0,4.9,150.0,7.2,17.4,0,0,85,,
416,Metz,57701,Vaux,12.2,5.2,32590.0,5.7,122.73,6.9,30.5,0,0,85,159.08,96.94
417,Metz,57707,Vernéville,10.5,3.9,24960.0,4.6,73.15,6.0,11.7,0,0,85,19.23,26.72
418,Metz,57751,Woippy,12.2,8.3,17410.0,7.2,979.59,9.5,199.7,0,0,85,6.71,12.95
419,Metz,57162,Cuvry,9.4,4.2,29170.0,6.3,182.78,10.6,8.6,0,0,85,17.82,17.52
420,Metz,57396,Lessy,11.6,8.6,31470.0,5.7,265.86,7.0,11.2,0,0,85,9.22,14.32
421,Montpellier,34027,Beaulieu,12.2,5.5,27020.0,5.8,287.4,22.3,17.9,0,0,205,514.34,305.55
422,Montpellier,34058,Castries,13.8,4.7,26010.0,6.5,271.79,16.2,41.9,0,0,205,,
423,Montpellier,34022,Baillargues,13.6,5.4,25640.0,7.6,1004.55,15.5,41.1,0,0,205,16.45,28.58
424,Montpellier,34087,Cournonsec,13.5,4.4,24160.0,5.5,293.39,8.4,55.2,0,0,205,17.83,30.96
425,Montpellier,34057,Castelnau-le-Lez,15.3,5.3,25160.0,10.5,2222.14,18.2,55.7,0,0,205,6.48,16.83
426,Montpellier,34090,Le Crès,15,4.8,25900.0,6.1,1602.59,10.3,48.8,0,0,205,8.84,21.79
427,Montpellier,34077,Clapiers,15.5,3.3,28000.0,7.0,754.68,13.5,50.4,0,0,205,7.96,15.99
428,Montpellier,34116,Grabels,14,6.9,24100.0,9.0,553.89,18.1,71.7,0,0,205,6.77,16.88
429,Montpellier,34120,Jacou,15.1,3.7,26300.0,6.8,2006.76,13.3,42.0,0,0,205,9.48,21.47
430,Montpellier,34123,Juvignac,14.3,6.4,23130.0,9.5,1183.61,14.9,76.4,0,0,205,9.48,20.11
431,Montpellier,34095,Fabrègues,13.9,5.6,24410.0,6.3,228.48,11.5,51.3,0,0,205,13.92,24.82
432,Montpellier,34134,Lavérune,13.9,4.0,25360.0,7.0,460.0,11.5,60.7,0,0,205,8.23,15.39
433,Montpellier,34164,Montaud,11.9,6.4,26620.0,6.3,80.08,7.5,31.4,0,0,205,281.89,178.38
434,Montpellier,34169,Montferrier-sur-Lez,15.3,5.2,33630.0,6.1,526.49,13.4,21.7,0,0,205,8.19,17.02
435,Montpellier,34172,Montpellier,14.4,7.3,19670.0,19.0,5315.54,22.6,121.4,1,0,205,,
436,Montpellier,34179,Murviel-lès-Montpellier,13.7,4.4,25830.0,6.4,191.09,14.0,28.3,0,0,205,17.1,24.04
437,Montpellier,34198,Pérols,15.1,6.3,26950.0,7.9,1593.5,14.2,52.5,0,0,205,10.76,26.07
438,Montpellier,34088,Cournonterral,11.8,10.4,22850.0,7.4,232.66,19.3,100.1,0,0,205,16.93,30.13
439,Montpellier,34217,Prades-le-Lez,14.1,4.6,26410.0,6.5,686.18,12.4,33.9,0,0,205,11.37,22.55
440,Montpellier,34227,Restinclières,12.9,3.6,26280.0,5.8,354.15,19.1,23.4,0,0,205,22.11,39.58
441,Montpellier,34244,Saint-Brès,13.6,5.5,24650.0,7.3,689.39,10.9,60.5,0,0,205,401.06,285.56
442,Montpellier,34249,Saint-Drézéry,12.9,4.9,27330.0,6.8,274.48,15.0,24.7,0,0,205,29.01,36.02
443,Montpellier,34256,Saint-Geniès-des-Mourgues,13.3,8.4,27690.0,4.9,182.19,9.1,11.7,0,0,205,22.16,36.82
444,Montpellier,34129,Lattes,15.7,3.8,26460.0,6.0,631.08,13.0,42.8,0,0,205,8.23,19.42
445,Montpellier,34270,Saint-Jean-de-Védas,15.1,4.7,25510.0,7.9,974.42,15.4,56.8,0,0,205,8.29,15.64
446,Montpellier,34295,Saussan,13.9,1.9,26260.0,5.7,495.28,14.1,31.8,0,0,205,11.88,20.11
447,Montpellier,34307,Sussargues,13.5,3.9,28460.0,5.1,434.46,13.4,26.1,0,0,205,31.01,37.96
448,Montpellier,34327,Vendargues,14.7,6.0,25340.0,7.2,782.67,12.5,43.4,0,0,205,16.22,26.81
449,Montpellier,34337,Villeneuve-lès-Maguelone,13.8,4.4,24010.0,8.9,458.37,9.4,62.6,0,0,205,13.39,25.9
450,Montpellier,34202,Pignan,14,6.7,24090.0,6.5,404.98,10.1,76.1,0,0,205,11.17,20.18
451,Montpellier,34259,Saint-Georges-d'Orques,13.6,9.9,25520.0,6.7,602.15,12.1,61.5,0,0,205,8.36,17.97
452,Nancy,54165,Dommartemont,11.1,4.2,39430.0,4.7,438.46,6.2,16.9,0,0,90,5.0,13.34
453,Nancy,54197,Fléville-devant-Nancy,11.8,2.7,28000.0,5.4,297.57,4.9,20.7,0,0,90,9.24,18.96
454,Nancy,54025,Art-sur-Meurthe,13.1,11.2,26470.0,11.3,144.35,10.6,35.4,0,0,90,9.42,19.57
455,Nancy,54265,Houdemont,11.8,3.6,28880.0,7.5,576.67,5.9,28.3,0,0,90,159.13,104.55
456,Nancy,54184,Essey-lès-Nancy,11.8,6.9,22890.0,8.4,1514.14,15.2,116.6,0,0,90,5.46,13.84
457,Nancy,54300,Laneuveville-devant-Nancy,11.1,8.2,23200.0,8.2,524.08,10.9,115.0,0,0,90,7.48,18.99
458,Nancy,54304,Laxou,11.4,8.2,23780.0,12.3,922.7,13.9,137.1,0,0,90,3.67,11.13
459,Nancy,54328,Ludres,11.6,3.4,27240.0,6.3,741.59,8.3,24.5,0,0,90,10.77,18.46
460,Nancy,54274,Jarville-la-Malgrange,11.2,9.0,19320.0,10.4,3905.83,14.2,217.9,0,0,90,4.55,12.97
461,Nancy,54357,Maxéville,11.1,11.1,17530.0,11.4,1771.61,17.5,224.7,0,0,90,5.73,12.5
462,Nancy,54395,Nancy,11.7,11.7,22360.0,24.1,6950.67,25.5,129.1,1,0,90,,
463,Nancy,54439,Pulnoy,11.9,3.6,24590.0,5.6,1390.27,10.0,52.7,0,0,90,8.14,17.93
464,Nancy,54482,Saint-Max,11.8,7.1,22560.0,8.5,5301.58,14.1,114.8,0,0,90,4.49,12.9
465,Nancy,54495,Saulxures-lès-Nancy,9.9,4.2,25490.0,5.6,612.14,8.1,66.5,0,0,90,6.87,17.24
466,Nancy,54498,Seichamps,9.9,3.8,24570.0,6.3,1195.58,7.2,52.3,0,0,90,9.53,21.12
467,Nancy,54257,Heillecourt,12.3,2.5,27340.0,6.7,1493.61,6.8,34.9,0,0,90,6.27,15.28
468,Nancy,54547,Vandœuvre-lès-Nancy,11.6,8.8,18680.0,23.2,3109.16,21.9,140.3,0,0,90,4.76,13.57
469,Nancy,54578,Villers-lès-Nancy,12,7.4,26760.0,12.0,1491.01,11.3,56.5,0,0,90,4.72,13.85
470,Nancy,54526,Tomblaine,12.1,5.8,21630.0,8.1,1610.54,11.9,94.6,0,0,90,4.89,12.42
471,Nancy,54339,Malzéville,10.7,7.0,23270.0,7.6,1056.93,9.8,100.7,0,0,90,3.62,12.01
472,Nantes,44009,Basse-Goulaine,12.8,3.1,29050.0,7.3,697.45,8.3,26.4,0,0,123,13.2,23.55
473,Nantes,44020,Bouguenais,12.8,3.1,23740.0,7.0,647.94,10.6,168.1,0,0,123,13.31,25.51
474,Nantes,44024,Brains,11.5,4.1,26040.0,6.2,183.73,6.6,10.9,0,0,123,19.98,29.6
475,Nantes,44026,Carquefou,13.2,4.8,27830.0,12.0,472.58,13.4,29.1,0,0,123,11.87,17.02
476,Nantes,44047,Couëron,12.5,3.6,24290.0,7.7,524.02,10.8,53.9,0,0,123,17.46,28.08
477,Nantes,44074,Indre,12.2,5.0,24380.0,6.8,878.72,12.6,70.2,0,0,123,,
478,Nantes,44094,Mauves-sur-Loire,11.7,5.1,25880.0,6.5,223.78,10.6,16.8,0,0,123,16.55,30.0
479,Nantes,44035,La Chapelle-sur-Erdre,13.2,2.7,28210.0,6.9,608.71,11.5,43.5,0,0,123,10.4,19.78
480,Nantes,44109,Nantes,14,6.2,24170.0,15.6,4957.12,22.1,100.7,1,0,123,,
481,Nantes,44114,Orvault,12.2,4.5,27140.0,8.1,1006.21,11.7,71.3,0,0,123,8.72,20.56
482,Nantes,44120,Le Pellerin,12.2,8.1,23370.0,6.7,175.1,13.9,36.2,0,0,123,23.74,33.25
483,Nantes,44143,Rezé,12.8,5.6,23550.0,8.7,3115.8,14.3,119.3,0,0,123,6.58,18.96
484,Nantes,44150,Saint-Aignan-Grandlieu,11.9,3.8,25410.0,5.9,222.68,6.0,24.6,0,0,123,17.29,31.38
485,Nantes,44162,Saint-Herblain,13.1,5.4,23000.0,8.9,1651.23,13.9,115.8,0,0,123,10.51,21.94
486,Nantes,44166,Saint-Jean-de-Boiseau,12.2,4.4,24230.0,5.8,524.74,13.2,42.6,0,0,123,21.43,30.67
487,Nantes,44171,Saint-Léger-les-Vignes,11.9,4.4,25730.0,6.2,316.31,9.3,14.9,0,0,123,22.43,30.97
488,Nantes,44172,Sainte-Luce-sur-Loire,13.1,2.2,25940.0,7.7,1362.02,12.1,56.6,0,0,123,8.74,18.35
489,Nantes,44190,Saint-Sébastien-sur-Loire,13,3.9,25500.0,8.1,2417.35,13.7,52.8,0,0,123,8.02,20.29
490,Nantes,44194,Sautron,13,4.9,29660.0,5.5,492.02,10.8,43.2,0,0,123,10.74,22.76
491,Nantes,44198,Les Sorinières,12.9,3.9,25570.0,7.9,694.69,13.4,53.9,0,0,123,11.4,26.7
492,Nantes,44101,La Montagne,12.1,4.1,24140.0,5.6,1802.22,10.4,44.8,0,0,123,19.16,30.96
493,Nantes,44215,Vertou,13,4.0,27590.0,7.2,728.35,11.4,33.6,0,0,123,16.5,22.65
494,Nantes,44018,Bouaye,12.5,3.2,25390.0,6.2,590.14,12.6,31.6,0,0,123,17.59,30.34
495,Nantes,44204,Thouaré-sur-Loire,12.4,1.8,26560.0,7.6,842.42,12.7,34.2,0,0,123,13.62,24.47
496,Nice,6006,Aspremont,18.3,11.3,29450.0,5.8,244.68,10.3,10.6,0,0,345,286.55,213.8
497,Nice,6009,Bairols,13.4,3.4,,2.4,8.16,13.0,0.0,0,0,345,54.27,60.21
498,Nice,6011,Beaulieu-sur-Mer,24.5,7.1,23880.0,4.7,4217.78,11.2,25.3,0,0,345,9.73,23.44
499,Nice,6013,Belvédère,10.6,6.2,21380.0,3.8,8.32,10.3,72.4,0,0,345,1159.86,660.57
500,Nice,6020,La Bollène-Vésubie,10.3,4.9,21550.0,5.4,17.58,14.9,38.4,0,0,345,56.58,65.97
501,Nice,6021,Bonson,13.4,7.8,24020.0,8.0,106.87,11.0,21.2,0,0,345,37.87,44.14
502,Nice,6025,Le Broc,11.7,10.9,25230.0,6.5,76.45,10.4,27.0,0,0,345,29.2,34.13
503,Nice,6027,Cagnes-sur-Mer,18.3,4.9,23940.0,6.6,2921.11,13.0,46.0,0,0,345,12.75,21.98
504,Nice,6032,Cap-d'Ail,27.8,7.7,26680.0,6.1,2254.0,9.3,35.0,0,0,345,18.31,22.12
505,Nice,6033,Carros,16.8,5.4,23480.0,7.6,879.27,10.6,45.6,0,0,345,26.31,29.54
506,Nice,6034,Castagniers,16,7.7,26050.0,5.7,224.93,9.8,24.4,0,0,345,16.02,23.62
507,Nice,6039,Châteauneuf-Villevieille,16,8.6,25730.0,6.3,115.6,10.2,16.3,0,0,345,21.02,30.39
508,Nice,6042,Clans,10.3,14.3,21960.0,5.2,17.8,8.8,49.3,0,0,345,261.09,189.03
509,Nice,6046,Colomars,18.8,5.3,28750.0,6.5,520.45,7.2,11.9,0,0,345,12.01,19.72
510,Nice,6054,Drap,16.1,9.5,21790.0,6.5,952.36,19.8,72.9,0,0,345,9.04,15.46
511,Nice,6055,Duranus,13.5,10.6,20110.0,5.1,9.75,2.9,0.0,0,0,345,32.87,45.76
512,Nice,6059,Èze,25.2,7.3,29970.0,5.5,230.42,7.4,26.6,0,0,345,1399.86,812.02
513,Nice,6060,Falicon,18.3,4.3,32330.0,4.9,405.96,7.3,8.3,0,0,345,9.74,14.2
514,Nice,6064,Gattières,15.4,4.4,27110.0,6.6,428.7,8.0,17.8,0,0,345,23.0,27.46
515,Nice,6065,La Gaude,15.8,5.2,29390.0,5.8,544.5,8.5,17.7,0,0,345,21.0,35.1
516,Nice,6066,Gilette,13.4,8.0,24760.0,8.6,157.65,9.4,9.7,0,0,345,,
517,Nice,6072,Ilonse,10.3,3.0,,2.8,3.5,4.4,0.0,0,0,345,65.55,73.89
518,Nice,6073,Isola,10.6,1.7,21710.0,3.2,6.66,12.6,24.6,0,0,345,744.28,437.1
519,Nice,6074,Lantosque,10.3,19.3,21410.0,6.3,26.79,9.4,69.6,0,0,345,51.34,55.82
520,Nice,6075,Levens,14,7.2,25260.0,6.2,172.74,10.6,26.8,0,0,345,23.34,32.92
521,Nice,6080,Marie,13.4,6.6,,2.9,7.09,5.1,0.0,0,0,345,,
522,Nice,6088,Nice,18.1,13.7,21570.0,9.3,4841.24,13.9,82.5,1,0,345,,
523,Nice,6102,Rimplas,10.3,10.1,,3.0,5.32,9.2,134.6,0,0,345,67.0,77.69
524,Nice,6103,Roquebillière,10.6,8.2,21340.0,5.4,70.08,10.7,32.4,0,0,345,56.31,65.07
525,Nice,6109,La Roquette-sur-Var,13.4,11.6,23460.0,6.3,236.25,7.2,25.9,0,0,345,31.52,37.69
526,Nice,6110,Roubion,10.6,4.7,17360.0,4.3,4.25,13.2,0.0,0,0,345,76.54,88.8
527,Nice,6111,Roure,10.3,1.6,,2.7,2.8,9.9,0.0,0,0,345,683.22,407.27
528,Nice,6114,Saint-André-de-la-Roche,18.3,5.3,22450.0,7.6,1993.79,13.9,32.9,0,0,345,8.11,13.87
529,Nice,6117,Saint-Blaise,16,3.8,26960.0,5.9,170.88,13.4,0.0,0,0,345,208.73,246.48
530,Nice,6119,Saint-Dalmas-le-Selvage,10.3,5.0,,4.8,1.28,5.2,0.0,0,0,345,97.34,107.17
531,Nice,6120,Saint-Étienne-de-Tinée,10.6,3.3,23970.0,3.9,7.72,12.4,0.0,0,0,345,89.83,97.94
532,Nice,6121,Saint-Jean-Cap-Ferrat,24.2,3.5,25340.0,5.7,588.4,10.0,11.5,0,0,345,10.47,23.74
533,Nice,6122,Saint-Jeannet,15.2,6.9,27840.0,6.2,294.73,12.5,22.9,0,0,345,172.86,174.61
534,Nice,6123,Saint-Laurent-du-Var,17.8,9.7,24360.0,6.4,3063.47,11.3,41.5,0,0,345,11.69,19.86
535,Nice,6126,Saint-Martin-du-Var,15.6,5.0,24210.0,7.8,602.68,13.2,26.0,0,0,345,25.7,33.91
536,Nice,6127,Saint-Martin-Vésubie,10.6,5.2,21270.0,4.8,14.26,11.9,41.1,0,0,345,67.0,79.73
537,Nice,6129,Saint-Sauveur-sur-Tinée,10.6,11.2,22120.0,5.0,9.32,13.4,0.0,0,0,345,,
538,Nice,6144,La Tour,10.3,9.6,21370.0,4.3,14.69,6.2,34.8,0,0,345,716.09,449.33
539,Nice,6146,Tournefort,10.3,11.8,24490.0,4.7,14.75,3.3,0.0,0,0,345,43.28,46.04
540,Nice,6147,Tourrette-Levens,15.6,11.2,26240.0,5.6,288.48,8.7,23.5,0,0,345,15.1,23.11
541,Nice,6149,La Trinité,16.2,6.3,22350.0,6.5,689.66,6.5,64.0,0,0,345,8.13,14.64
542,Nice,6151,Utelle,10.3,9.9,22120.0,4.5,12.41,13.6,29.8,0,0,345,51.4,56.17
543,Nice,6153,Valdeblore,10.6,8.7,20870.0,4.9,8.86,11.8,58.4,0,0,345,,
544,Nice,6156,Venanson,10.3,7.0,19100.0,4.3,10.28,15.5,0.0,0,0,345,70.58,85.64
545,Nice,6157,Vence,16.7,9.2,25120.0,5.5,495.28,13.6,40.0,0,0,345,22.84,33.21
546,Nice,6159,Villefranche-sur-Mer,23.1,5.4,26690.0,5.1,1018.16,9.6,40.3,0,0,345,6.86,16.58
547,Orléans,45043,Bou,11.2,6.6,27720.0,5.9,160.48,7.5,22.7,0,0,70,1017.53,548.91
548,Orléans,45072,Chanteau,11.4,2.0,26530.0,6.4,56.44,5.6,24.9,0,0,70,10.84,18.2
549,Orléans,45034,Boigny-sur-Bionne,11.2,2.0,26860.0,5.3,279.2,5.0,22.5,0,0,70,10.74,16.93
550,Orléans,45100,Combleux,12.3,6.0,33190.0,6.4,454.55,6.0,0.0,0,0,70,8.58,19.47
551,Orléans,45147,Fleury-les-Aubrais,11.7,5.7,21170.0,7.3,2122.57,12.1,134.3,0,0,70,5.68,11.67
552,Orléans,45075,La Chapelle-Saint-Mesmin,12,7.4,23880.0,6.1,1135.33,8.8,63.7,0,0,70,6.47,11.85
553,Orléans,45194,Mardié,12.5,6.0,26450.0,5.5,174.05,9.6,29.7,0,0,70,16.92,23.83
554,Orléans,45197,Marigny-les-Usages,11.2,5.1,27110.0,5.5,187.42,9.3,4.4,0,0,70,14.13,20.79
555,Orléans,45232,Olivet,12.2,4.8,27680.0,14.0,976.71,18.3,37.8,0,0,70,6.23,12.96
556,Orléans,45169,Ingré,11.9,4.7,24890.0,6.7,468.99,11.2,69.0,0,0,70,6.12,12.43
557,Orléans,45235,Ormes,13.3,4.9,25700.0,6.5,239.39,8.4,26.4,0,0,70,265.12,167.75
558,Orléans,45272,Saint-Cyr-en-Val,12.4,7.1,27790.0,6.7,76.74,8.5,43.4,0,0,70,11.34,18.11
559,Orléans,45274,Saint-Denis-en-Val,12.1,3.4,27310.0,6.2,447.6,8.3,33.4,0,0,70,7.27,14.5
560,Orléans,45282,Saint-Hilaire-Saint-Mesmin,11.3,9.1,28370.0,5.0,221.13,10.8,34.0,0,0,70,7.59,14.57
561,Orléans,45284,Saint-Jean-de-Braye,12.1,6.0,22100.0,8.7,1583.94,11.9,105.5,0,0,70,6.96,14.57
562,Orléans,45089,Chécy,11.6,4.9,25770.0,5.4,568.26,8.6,48.1,0,0,70,14.23,19.66
563,Orléans,45286,Saint-Jean-le-Blanc,12.3,4.9,26090.0,8.0,1218.05,12.0,88.5,0,0,70,5.32,9.88
564,Orléans,45298,Saint-Pryvé-Saint-Mesmin,12.2,7.2,25330.0,6.2,694.94,11.3,63.4,0,0,70,3.5,8.94
565,Orléans,45302,Saran,11.5,4.7,22590.0,7.5,850.97,8.9,97.2,0,0,70,,
566,Orléans,45308,Semoy,11.4,4.8,26890.0,5.0,411.67,5.2,41.3,0,0,70,,
567,Orléans,45234,Orléans,12.3,9.9,21370.0,13.9,4240.62,19.9,122.4,1,0,70,,
568,Orléans,45285,Saint-Jean-de-la-Ruelle,11.8,9.5,20010.0,7.6,2720.33,9.7,138.6,0,0,70,2.92,6.32
569,Paris,92073,Suresnes,24.5,6.0,31810.0,7.6,12922.11,13.2,40.7,0,1,0,12.05,25.19
570,Paris,92075,Vanves,24.1,7.3,30770.0,9.9,17508.75,12.8,31.0,0,1,0,7.63,19.35
571,Paris,92076,Vaucresson,21.5,6.4,41320.0,7.9,2763.23,9.7,24.3,0,1,0,17.75,30.59
572,Paris,92072,Sèvres,22.8,4.6,33680.0,7.3,5799.49,12.0,42.4,0,1,0,12.11,24.18
573,Paris,92078,Villeneuve-la-Garenne,18.4,3.2,18570.0,9.2,7928.44,5.2,129.3,0,1,0,10.55,25.46
574,Paris,93001,Aubervilliers,18.5,5.8,15330.0,9.8,15529.48,14.5,227.8,0,1,0,8.17,21.54
575,Paris,93005,Aulnay-sous-Bois,18,4.1,18710.0,9.5,5316.98,9.5,175.5,0,1,0,22.43,33.04
576,Paris,93006,Bagnolet,20.1,7.4,19060.0,9.3,15140.77,13.1,148.1,0,1,0,7.58,21.32
577,Paris,93007,Le Blanc-Mesnil,17,4.4,17460.0,9.8,7192.22,10.1,177.0,0,1,0,18.93,30.93
578,Paris,93008,Bobigny,17.6,4.8,16330.0,10.3,8096.47,10.2,203.6,0,1,0,11.32,26.94
579,Paris,93010,Bondy,17.1,7.9,17210.0,8.8,9619.09,8.9,227.6,0,1,0,15.18,28.74
580,Paris,75056,Paris,29.1,9.5,29730.0,11.0,20238.24,15.6,0.0,1,1,0,,
581,Paris,93014,Clichy-sous-Bois,15.5,5.5,15260.0,10.2,7433.75,7.5,264.6,0,1,0,19.52,34.49
582,Paris,93015,Coubron,16.6,7.9,27100.0,6.8,1234.88,9.3,68.7,0,1,0,22.9,39.57
583,Paris,93027,La Courneuve,17.5,4.6,15150.0,10.1,6288.0,10.7,178.3,0,1,0,12.07,28.52
584,Paris,93029,Drancy,17.4,6.7,18660.0,8.9,9149.1,9.7,210.4,0,1,0,12.69,28.97
585,Paris,93030,Dugny,16.7,5.6,17070.0,10.5,2904.62,9.3,212.6,0,1,0,18.2,30.5
586,Paris,93031,Épinay-sur-Seine,16.5,6.4,17880.0,9.5,11628.04,9.8,167.3,0,1,0,15.25,29.66
587,Paris,93032,Gagny,16.9,5.1,23090.0,8.6,5910.15,9.6,118.9,0,1,0,17.86,33.77
588,Paris,93033,Gournay-sur-Marne,17.6,6.0,29930.0,6.8,4048.24,9.3,43.8,0,1,0,22.59,31.89
589,Paris,93039,L'Île-Saint-Denis,18,4.2,17740.0,10.1,4813.33,7.5,172.2,0,1,0,8.36,21.74
590,Paris,93045,Les Lilas,22.8,7.7,25490.0,7.7,18053.08,11.7,84.9,0,1,0,7.68,21.12
591,Paris,93046,Livry-Gargan,17,6.9,21750.0,8.0,6220.0,11.5,158.3,0,1,0,18.49,32.22
592,Paris,93047,Montfermeil,16.6,3.7,20870.0,9.4,5181.48,7.7,193.0,0,1,0,20.05,37.34
593,Paris,93013,Le Bourget,17.6,10.8,17230.0,8.9,7062.86,12.8,155.9,0,1,0,16.55,26.67
594,Paris,93049,Neuilly-Plaisance,19.1,5.7,26590.0,9.1,6298.53,12.8,77.7,0,1,0,19.33,29.45
595,Paris,93050,Neuilly-sur-Marne,16.9,3.7,21000.0,8.5,5439.28,10.2,123.9,0,1,0,22.02,30.72
596,Paris,93051,Noisy-le-Grand,18.1,5.0,23490.0,9.0,5455.35,11.4,110.3,0,1,0,20.73,29.29
597,Paris,93053,Noisy-le-Sec,17.8,5.9,18450.0,8.7,9218.8,9.8,162.9,0,1,0,13.47,27.13
598,Paris,93055,Pantin,21,4.2,19740.0,8.3,12160.0,13.2,133.3,0,1,0,7.97,20.95
599,Paris,93057,Les Pavillons-sous-Bois,16.8,7.5,21890.0,8.7,8332.76,13.6,149.2,0,1,0,16.3,29.66
600,Paris,93059,Pierrefitte-sur-Seine,17.1,5.7,16080.0,10.1,9523.24,11.1,200.8,0,1,0,15.31,29.8
601,Paris,93061,Le Pré-Saint-Gervais,21.2,8.2,21600.0,8.4,24092.86,13.8,107.9,0,1,0,7.41,20.61
602,Paris,93062,Le Raincy,18.3,8.1,28820.0,8.3,6762.27,14.1,77.1,0,1,0,16.72,31.39
603,Paris,93063,Romainville,18.7,6.1,21110.0,7.9,9784.12,9.6,149.7,0,1,0,9.58,23.22
604,Paris,93064,Rosny-sous-Bois,18.3,8.7,21820.0,8.5,7738.14,12.8,148.4,0,1,0,20.12,26.9
605,Paris,93066,Saint-Denis,18.4,6.5,16620.0,11.0,9188.87,12.8,185.0,0,1,0,10.74,23.18
606,Paris,93048,Montreuil,20.6,5.8,21150.0,8.6,12523.03,12.2,155.0,0,1,0,10.35,25.18
607,Paris,93071,Sevran,17,4.7,17300.0,9.5,7102.05,7.3,185.1,0,1,0,21.15,36.34
608,Paris,93072,Stains,17,6.1,16130.0,9.8,7473.89,8.3,215.8,0,1,0,15.2,27.73
609,Paris,93073,Tremblay-en-France,16.6,4.7,21420.0,9.1,1663.88,9.8,113.6,0,1,0,,
610,Paris,93074,Vaujours,16.2,8.1,23430.0,8.5,1967.89,11.2,120.9,0,1,0,22.23,37.25
611,Paris,93077,Villemomble,18,6.9,23920.0,8.1,7583.0,11.3,115.8,0,1,0,14.63,27.56
612,Paris,92077,Ville-d'Avray,22.3,6.9,38490.0,7.7,2890.27,11.7,22.5,0,1,0,14.64,30.15
613,Paris,93079,Villetaneuse,16,6.0,16640.0,11.0,5505.65,10.1,192.5,0,1,0,14.16,28.73
614,Paris,94001,Ablon-sur-Seine,16.9,8.8,24000.0,7.7,5405.45,11.5,75.4,0,1,0,18.69,38.45
615,Paris,94002,Alfortville,19.7,8.2,22360.0,8.1,12174.59,11.5,120.1,0,1,0,10.69,21.64
616,Paris,94003,Arcueil,21,6.5,23560.0,10.8,9372.61,13.4,105.7,0,1,0,7.09,20.31
617,Paris,94004,Boissy-Saint-Léger,17.6,5.5,21400.0,10.7,1974.16,12.6,116.0,0,1,0,26.22,33.5
618,Paris,94011,Bonneuil-sur-Marne,17.9,3.6,19530.0,10.1,3409.09,7.7,134.4,0,1,0,17.33,28.34
619,Paris,94015,Bry-sur-Marne,19.3,5.7,31250.0,9.2,5117.65,11.2,50.1,0,1,0,17.18,25.32
620,Paris,94016,Cachan,20.6,5.4,25800.0,14.4,11330.37,12.4,71.2,0,1,0,8.64,23.3
621,Paris,94017,Champigny-sur-Marne,17.9,5.5,21260.0,9.6,6878.23,9.2,140.4,0,1,0,16.48,24.62
622,Paris,94018,Charenton-le-Pont,25,7.8,30250.0,8.2,15497.37,11.7,53.0,0,1,0,7.55,19.62
623,Paris,94019,Chennevières-sur-Marne,17.9,5.9,23910.0,8.4,3465.47,10.7,107.1,0,1,0,20.02,32.2
624,Paris,94021,Chevilly-Larue,18.7,5.3,22100.0,8.2,4839.52,8.2,101.6,0,1,0,11.96,24.7
625,Paris,94022,Choisy-le-Roi,18.2,5.3,20840.0,9.6,8542.41,10.8,120.8,0,1,0,13.8,29.22
626,Paris,94028,Créteil,18.8,3.7,21270.0,10.4,8086.0,12.3,135.2,0,1,0,14.84,25.39
627,Paris,94033,Fontenay-sous-Bois,21.3,7.6,25750.0,7.9,9252.14,10.3,91.0,0,1,0,18.28,26.85
628,Paris,94034,Fresnes,18.1,6.2,23940.0,10.1,7994.44,10.6,75.5,0,1,0,12.77,29.92
629,Paris,94037,Gentilly,21.9,6.3,22390.0,12.0,15873.33,14.8,114.6,0,1,0,6.62,18.99
630,Paris,94038,L'Haÿ-les-Roses,18.4,6.9,24990.0,8.7,8049.23,10.0,81.8,0,1,0,11.05,26.92
631,Paris,94041,Ivry-sur-Seine,21,6.3,19680.0,12.7,10491.97,15.0,117.4,0,1,0,7.95,20.02
632,Paris,94042,Joinville-le-Pont,21.8,4.5,29100.0,8.7,8875.22,10.5,60.4,0,1,0,12.5,23.15
633,Paris,94043,Le Kremlin-Bicêtre,21.6,8.9,23910.0,12.2,16253.33,14.6,96.6,0,1,0,8.03,21.43
634,Paris,94044,Limeil-Brévannes,17.3,6.0,22550.0,8.4,4057.83,14.7,109.4,0,1,0,20.1,30.55
635,Paris,94046,Maisons-Alfort,21.2,6.4,28010.0,9.2,10956.23,11.6,49.9,0,1,0,10.67,21.67
636,Paris,94047,Mandres-les-Roses,16.4,5.3,28200.0,7.7,1462.12,9.9,44.5,0,1,0,27.87,40.6
637,Paris,94048,Marolles-en-Brie,17.6,2.8,32140.0,8.1,1019.35,7.2,34.3,0,1,0,26.36,35.45
638,Paris,94052,Nogent-sur-Marne,22,8.4,33240.0,7.2,11954.29,12.8,51.5,0,1,0,15.56,24.99
639,Paris,94053,Noiseau,16.8,4.4,28950.0,7.5,1024.44,8.3,36.9,0,1,0,26.35,37.75
640,Paris,94054,Orly,17.4,4.7,19610.0,9.0,3654.03,10.5,156.2,0,1,0,22.8,31.02
641,Paris,94055,Ormesson-sur-Marne,17.6,5.2,29610.0,7.5,3100.0,6.3,36.7,0,1,0,21.09,33.77
642,Paris,94056,Périgny,15.6,2.1,29480.0,8.7,973.21,13.8,44.7,0,1,0,467.38,288.69
643,Paris,94058,Le Perreux-sur-Marne,20.6,8.5,31180.0,7.2,8553.25,12.2,48.3,0,1,0,17.91,26.93
644,Paris,94059,Le Plessis-Trévise,17.2,1.4,26100.0,7.9,4701.86,10.6,68.2,0,1,0,22.56,35.23
645,Paris,94060,La Queue-en-Brie,17.2,3.3,25520.0,9.2,1313.15,9.3,61.4,0,1,0,24.27,38.09
646,Paris,93070,Saint-Ouen-sur-Seine,20.3,10.3,20440.0,9.8,12373.72,14.2,124.5,0,1,0,6.98,18.77
647,Paris,94067,Saint-Mandé,26.7,8.7,36180.0,7.4,23550.0,12.3,42.8,0,1,0,8.78,20.17
648,Paris,94068,Saint-Maur-des-Fossés,20.9,6.1,32730.0,7.9,6735.8,11.0,49.2,0,1,0,14.44,27.85
649,Paris,94069,Saint-Maurice,22.9,8.0,28510.0,7.8,10430.71,14.2,51.0,0,1,0,8.52,17.03
650,Paris,94070,Santeny,17.4,3.5,30540.0,8.4,404.34,8.0,49.1,0,1,0,28.78,39.12
651,Paris,94071,Sucy-en-Brie,17.9,0.5,28120.0,8.6,2655.96,7.8,64.1,0,1,0,23.37,34.12
652,Paris,93078,Villepinte,16.7,4.3,19060.0,9.9,3723.56,9.1,150.2,0,1,0,28.04,35.51
653,Paris,91027,Athis-Mons,16.4,5.9,22380.0,8.0,4211.86,11.0,97.1,0,1,0,19.69,33.45
654,Paris,91326,Juvisy-sur-Orge,17,6.0,23520.0,9.1,8374.55,16.9,62.5,0,1,0,20.75,34.21
655,Paris,91432,Morangis,17,6.3,26260.0,8.2,2752.29,9.9,61.3,0,1,0,22.93,33.98
656,Paris,91479,Paray-Vieille-Poste,16.8,8.4,25300.0,7.8,1289.84,9.0,76.5,0,1,0,16.98,28.45
657,Paris,91589,Savigny-sur-Orge,16.6,7.8,25590.0,8.8,5338.71,11.1,68.6,0,1,0,24.46,33.22
658,Paris,91687,Viry-Châtillon,16,11.4,21860.0,7.7,5089.34,10.8,101.9,0,1,0,28.04,35.63
659,Paris,92002,Antony,20.3,6.5,32000.0,8.4,6586.67,11.5,40.0,0,1,0,13.31,33.42
660,Paris,92004,Asnières-sur-Seine,22.3,9.4,28370.0,8.6,18679.58,14.5,63.8,0,1,0,9.89,25.56
661,Paris,92007,Bagneux,20.6,4.4,21040.0,9.6,10404.52,10.5,98.8,0,1,0,8.24,21.4
662,Paris,92009,Bois-Colombes,22.1,6.7,32650.0,8.5,15665.79,14.1,34.7,0,1,0,10.3,26.23
663,Paris,92012,Boulogne-Billancourt,26.6,6.8,35040.0,8.3,19323.87,14.9,30.1,0,1,0,9.94,18.92
664,Paris,92014,Bourg-la-Reine,22.1,7.6,33700.0,9.3,10952.63,12.9,39.3,0,1,0,9.75,24.49
665,Paris,92019,Châtenay-Malabry,20.2,6.2,27140.0,8.9,5452.81,10.5,52.3,0,1,0,13.79,31.37
666,Paris,92020,Châtillon,21.9,5.6,30550.0,8.1,12681.72,12.3,45.3,0,1,0,9.13,21.87
667,Paris,92022,Chaville,21.1,6.8,32290.0,8.7,5711.71,13.6,32.8,0,1,0,14.76,29.52
668,Paris,92023,Clamart,21.1,6.2,29920.0,8.5,6192.16,11.7,53.0,0,1,0,10.66,26.38
669,Paris,92024,Clichy,24.1,4.6,22410.0,9.3,20919.03,15.1,73.0,0,1,0,7.8,19.37
670,Paris,92025,Colombes,20.8,6.1,25100.0,8.8,11393.59,11.8,82.5,0,1,0,12.86,27.68
671,Paris,92026,Courbevoie,24.5,9.0,32080.0,8.9,19408.57,13.6,39.9,0,1,0,9.76,21.93
672,Paris,92032,Fontenay-aux-Roses,20.3,5.3,26990.0,9.4,9908.8,11.6,61.6,0,1,0,10.85,26.25
673,Paris,92033,Garches,21.6,6.5,36150.0,7.5,6628.89,10.4,26.5,0,1,0,14.72,30.3
674,Paris,92035,La Garenne-Colombes,23,7.6,33090.0,7.8,16628.89,14.9,25.2,0,1,0,10.7,22.67
675,Paris,92036,Gennevilliers,19.6,4.4,18380.0,9.3,4259.48,8.6,127.9,0,1,0,11.7,27.76
676,Paris,92040,Issy-les-Moulineaux,25.7,6.6,33650.0,8.0,16328.57,14.2,29.5,0,1,0,9.37,19.53
677,Paris,92044,Levallois-Perret,27.9,6.4,34500.0,8.8,28337.08,16.5,26.9,0,1,0,8.07,19.54
678,Paris,92046,Malakoff,23.1,5.3,25810.0,9.9,14424.76,12.3,68.8,0,1,0,8521.92,5168.77
679,Paris,92047,Marnes-la-Coquette,22.1,7.1,41740.0,8.5,498.57,7.6,18.2,0,1,0,18.16,29.55
680,Paris,92048,Meudon,21.6,6.1,30680.0,7.1,4681.01,10.4,42.3,0,1,0,12.08,24.1
681,Paris,92049,Montrouge,24.1,7.8,30500.0,9.3,22693.81,13.8,41.6,0,1,0,5.96,17.13
682,Paris,92050,Nanterre,21.6,4.7,21620.0,10.7,7979.59,12.5,119.1,0,1,0,12.06,25.33
683,Paris,92051,Neuilly-sur-Seine,31.2,8.5,48010.0,8.1,16018.11,14.0,25.2,0,1,0,7.98,19.0
684,Paris,92060,Le Plessis-Robinson,21.5,3.9,31000.0,6.7,8596.47,10.8,25.1,0,1,0,12.86,28.42
685,Paris,92062,Puteaux,25,8.9,30980.0,7.7,13647.5,14.9,36.3,0,1,0,8.99,20.32
686,Paris,92063,Rueil-Malmaison,22.1,6.8,32980.0,7.3,5318.78,11.4,39.6,0,1,0,15.61,32.81
687,Paris,92064,Saint-Cloud,24.3,7.1,39760.0,7.5,3911.45,12.0,26.4,0,1,0,,
688,Paris,92071,Sceaux,22.4,3.7,36010.0,11.4,5691.11,13.6,36.8,0,1,0,11.43,28.23
689,Paris,95018,Argenteuil,17.8,6.6,19350.0,8.5,6233.78,11.5,157.3,0,1,0,17.28,32.51
690,Paris,94074,Valenton,16.8,2.6,17690.0,9.5,2732.45,9.2,180.0,0,1,0,19.08,31.93
691,Paris,94075,Villecresnes,17.6,3.0,27830.0,7.8,2078.93,9.3,65.5,0,1,0,26.6,37.84
692,Paris,94076,Villejuif,20,6.3,21950.0,12.2,10896.79,12.4,106.1,0,1,0,9.08,24.1
693,Paris,94073,Thiais,18.2,4.0,24670.0,8.4,4858.91,13.9,92.2,0,1,0,13.26,29.0
694,Paris,94078,Villeneuve-Saint-Georges,15.8,7.3,16960.0,11.0,4033.18,11.8,190.5,0,1,0,20.86,31.57
695,Paris,94079,Villiers-sur-Marne,17.7,4.0,24020.0,8.9,7132.33,11.7,91.6,0,1,0,18.38,28.86
696,Paris,94080,Vincennes,26.8,6.5,34880.0,7.3,25683.16,15.5,41.3,0,1,0,8.76,23.39
697,Paris,94077,Villeneuve-le-Roi,17.6,3.3,22380.0,9.0,2515.36,9.5,114.9,0,1,0,16.9,35.02
698,Paris,94065,Rungis,18.6,6.1,29770.0,8.4,1344.52,14.3,46.4,0,1,0,14.61,30.4
699,Paris,94081,Vitry-sur-Seine,18.9,4.8,19490.0,9.8,8222.65,10.3,132.9,0,1,0,10.17,23.39
700,Rennes,35001,Acigné,12.3,4.7,25850.0,7.4,232.7,11.4,42.3,0,0,85,14.09,20.37
701,Rennes,35024,Betton,11.7,3.8,26890.0,7.5,475.47,11.4,46.4,0,0,85,11.88,23.66
702,Rennes,35039,Brécé,11.1,2.9,24510.0,6.7,298.19,8.6,35.4,0,0,85,2482.92,1435.36
703,Rennes,35047,Bruz,12.1,3.3,25250.0,12.6,655.03,17.3,52.5,0,0,85,16.02,26.45
704,Rennes,35051,Cesson-Sévigné,12.8,4.1,29450.0,13.3,551.9,17.4,32.9,0,0,85,4.52,10.38
705,Rennes,35032,Bourgbarré,11.3,4.1,24630.0,6.8,322.54,14.3,32.1,0,0,85,16.52,22.7
706,Rennes,35058,La Chapelle-Chaussée,10.8,5.4,23890.0,5.9,87.84,7.4,24.9,0,0,85,28.01,29.96
707,Rennes,35059,La Chapelle-des-Fougeretz,12,5.0,25490.0,7.0,529.2,10.7,38.0,0,0,85,13.6,19.62
708,Rennes,35065,La Chapelle-Thouarault,11.3,4.2,23720.0,7.2,296.32,8.5,57.2,0,0,85,20.48,27.96
709,Rennes,35066,Chartres-de-Bretagne,12.3,5.7,23890.0,9.1,832.02,21.7,86.3,0,0,85,13.26,23.7
710,Rennes,35076,Chavagne,11.8,5.7,24610.0,6.8,356.05,13.7,46.4,0,0,85,272.11,174.74
711,Rennes,35079,Chevaigné,10.3,3.4,26570.0,6.9,229.61,9.5,25.9,0,0,85,14.87,21.58
712,Rennes,35080,Cintré,11.3,6.7,24600.0,7.2,305.18,11.1,33.4,0,0,85,21.54,30.27
713,Rennes,35081,Clayes,11.4,8.9,24420.0,8.0,217.91,12.0,24.8,0,0,85,18.65,24.85
714,Rennes,35088,Corps-Nuds,11.2,5.1,23570.0,6.5,156.77,10.0,38.1,0,0,85,17.29,23.39
715,Rennes,35120,Gévezé,12,5.7,25190.0,6.3,214.18,16.4,34.5,0,0,85,3678.71,2086.25
716,Rennes,35131,L'Hermitage,11.4,4.2,24040.0,7.6,690.0,14.8,72.3,0,0,85,905.02,511.93
717,Rennes,35139,Laillé,11,4.6,26950.0,6.5,160.34,12.8,35.6,0,0,85,187.06,114.15
718,Rennes,35144,Langan,10.8,5.5,22890.0,4.5,137.82,11.0,45.3,0,0,85,,
719,Rennes,35180,Miniac-sous-Bécherel,10,5.8,22430.0,5.3,58.53,10.9,0.0,0,0,85,36.29,36.47
720,Rennes,35189,Montgermont,12.5,3.7,25860.0,7.6,785.53,17.4,63.7,0,0,85,7.78,16.77
721,Rennes,35196,Mordelles,12.6,4.9,23950.0,8.0,256.98,15.1,45.8,0,0,85,16.15,26.27
722,Rennes,35204,Nouvoitou,11.6,2.9,25160.0,6.0,188.04,9.7,22.5,0,0,85,13.42,21.54
723,Rennes,35206,Noyal-Châtillon-sur-Seiche,12.1,4.0,24960.0,8.6,287.96,17.6,64.9,0,0,85,12.39,21.0
724,Rennes,35208,Orgères,11.3,7.2,24350.0,6.7,335.64,9.4,46.5,0,0,85,238.6,140.16
725,Rennes,35210,Pacé,12.1,3.0,28450.0,8.5,341.49,11.3,34.6,0,0,85,,
726,Rennes,35216,Parthenay-de-Bretagne,11.4,5.8,24750.0,6.9,373.54,11.9,29.9,0,0,85,19.75,25.4
727,Rennes,35238,Rennes,14,6.7,22770.0,21.1,4465.89,23.4,111.7,1,0,85,,
728,Rennes,35240,Le Rheu,12.2,4.8,24780.0,10.0,504.5,15.5,47.8,0,0,85,11.1,23.3
729,Rennes,35245,Romillé,10.8,5.3,24370.0,6.9,143.52,11.8,19.2,0,0,85,22.72,28.0
730,Rennes,35250,Saint-Armel,11.7,5.6,24090.0,8.2,291.15,17.6,39.5,0,0,85,124.0,96.62
731,Rennes,35266,Saint-Erblon,12.2,4.3,24550.0,7.3,317.98,14.5,57.5,0,0,85,62.6,50.27
732,Rennes,35275,Saint-Gilles,11.4,3.5,24910.0,6.5,260.97,11.7,43.9,0,0,85,984.82,569.5
733,Rennes,35278,Saint-Grégoire,12.9,5.5,31110.0,8.1,568.61,14.8,30.2,0,0,85,7.29,16.32
734,Rennes,35281,Saint-Jacques-de-la-Lande,12.7,3.7,21730.0,11.0,1157.29,17.9,80.4,0,0,85,8.49,19.87
735,Rennes,35315,Saint-Sulpice-la-Forêt,9.6,3.2,27370.0,4.9,223.73,7.9,26.5,0,0,85,16.64,27.57
736,Rennes,35334,Thorigné-Fouillard,11.8,3.2,28380.0,6.2,631.03,12.7,31.9,0,0,85,10.38,19.74
737,Rennes,35351,Le Verger,11.3,3.2,23780.0,6.9,202.71,9.8,37.7,0,0,85,1038.08,593.06
738,Rennes,35352,Vern-sur-Seiche,12.1,3.8,26480.0,7.9,417.92,14.6,41.0,0,0,85,8.88,15.75
739,Rennes,35022,Bécherel,10,12.0,21270.0,6.4,1150.0,15.9,71.0,0,0,85,37.17,38.93
740,Rennes,35363,Pont-Péan,11.5,4.8,25170.0,8.3,492.61,12.2,33.4,0,0,85,15.26,22.0
741,Rennes,35055,Chantepie,12.5,5.3,24870.0,8.6,852.67,11.4,68.1,0,0,85,5.4,13.09
742,Rennes,35353,Vezin-le-Coquet,12.7,3.1,24540.0,9.4,802.15,13.3,65.1,0,0,85,8.02,20.42
743,Rouen,76039,Les Authieux-sur-le-Port-Saint-Ouen,11.2,3.3,31250.0,5.7,273.33,5.8,13.3,0,0,85,11.18,20.0
744,Rouen,76056,Bardouville,10.3,4.1,23750.0,6.7,71.16,5.8,0.0,0,0,85,34.61,35.6
745,Rouen,76020,Anneville-Ambourville,10.9,2.6,23630.0,6.2,57.54,5.3,29.2,0,0,85,23.35,32.75
746,Rouen,76212,Darnétal,13.2,8.6,19340.0,11.7,1987.35,19.5,178.6,0,0,85,5.2,9.93
747,Rouen,76216,Déville-lès-Rouen,12,5.8,19820.0,11.8,3357.81,17.3,163.0,0,0,85,5.2,10.72
748,Rouen,76222,Duclair,12.1,10.7,22810.0,6.8,402.0,11.8,57.1,0,0,85,20.9,27.91
749,Rouen,76005,Amfreville-la-Mi-Voie,11.3,6.9,22480.0,10.3,845.13,16.0,111.1,0,0,85,5.55,12.44
750,Rouen,76237,Épinay-sur-Duclair,11.6,3.9,23170.0,6.8,77.73,10.3,14.2,0,0,85,26.92,32.2
751,Rouen,76273,Fontaine-sous-Préaux,12,0.9,28460.0,5.2,160.86,8.6,0.0,0,0,85,10.03,16.71
752,Rouen,76282,Freneuse,12.3,3.5,26440.0,5.4,310.62,4.8,35.6,0,0,85,23.69,27.38
753,Rouen,76231,Elbeuf,9.8,17.8,17120.0,10.4,978.59,19.8,291.2,0,0,85,22.64,25.48
754,Rouen,76319,Grand-Couronne,11.3,6.4,21100.0,7.2,575.5,8.8,155.6,0,0,85,12.83,19.42
755,Rouen,76322,Le Grand-Quevilly,12.3,2.8,20510.0,7.2,2340.09,9.7,100.5,0,0,85,6.13,9.37
756,Rouen,76350,Hautot-sur-Seine,10.8,4.4,25350.0,5.3,180.0,6.0,20.4,0,0,85,15.78,24.45
757,Rouen,76313,Gouy,11.2,4.6,28970.0,5.7,179.0,7.9,0.0,0,0,85,107.48,67.34
758,Rouen,76366,Le Houlme,13.1,5.7,21270.0,8.2,1377.67,13.1,117.3,0,0,85,14.6,19.38
759,Rouen,76367,Houppeville,13,3.8,28650.0,5.3,138.65,6.4,29.0,0,0,85,11.15,19.09
760,Rouen,76377,Isneauville,12.5,4.9,31100.0,5.8,445.98,10.8,18.7,0,0,85,10.74,14.39
761,Rouen,76378,Jumièges,10.9,6.9,24060.0,5.0,91.81,6.1,19.5,0,0,85,31.59,38.79
762,Rouen,76391,La Londe,9.7,4.7,27440.0,4.9,76.19,6.7,17.3,0,0,85,74.72,54.54
763,Rouen,76402,Malaunay,12,4.9,22540.0,6.7,667.72,8.4,67.4,0,0,85,16.8,23.21
764,Rouen,76410,Maromme,11.9,7.3,18590.0,8.2,2756.0,13.2,184.5,0,0,85,8.96,15.04
765,Rouen,76429,Le Mesnil-Esnard,12.7,4.4,28210.0,7.2,1564.71,11.4,51.2,0,0,85,5.69,10.9
766,Rouen,76436,Le Mesnil-sous-Jumièges,10.9,6.2,25990.0,6.5,90.29,7.4,51.7,0,0,85,29.41,36.78
767,Rouen,76448,Montmain,11.4,2.6,26740.0,5.2,241.33,5.6,16.3,0,0,85,366.72,244.44
768,Rouen,76451,Mont-Saint-Aignan,12.7,6.2,28790.0,19.8,2540.0,19.7,56.4,0,0,85,3.92,9.37
769,Rouen,76457,Moulineaux,10.4,6.2,22970.0,9.0,266.29,11.1,82.0,0,0,85,20.7,25.07
770,Rouen,76354,Hénouville,12,3.9,28850.0,3.6,128.88,3.7,12.7,0,0,85,14.96,21.66
771,Rouen,76474,Notre-Dame-de-Bondeville,12.1,7.3,22570.0,9.0,1104.29,12.7,115.9,0,0,85,8.31,16.68
772,Rouen,76475,Franqueville-Saint-Pierre,12.4,4.6,28970.0,6.7,705.47,8.8,37.0,0,0,85,8.22,14.89
773,Rouen,76484,Oissel,9.9,5.9,20400.0,10.0,557.07,10.2,148.2,0,0,85,16.1,16.53
774,Rouen,76486,Orival,8.7,9.8,23850.0,6.7,89.58,8.2,53.4,0,0,85,84.64,62.6
775,Rouen,76497,Petit-Couronne,10.9,5.3,21220.0,8.7,678.75,11.2,141.0,0,0,85,9.96,15.47
776,Rouen,76069,Belbeuf,11.1,7.6,30040.0,5.5,346.0,6.3,18.6,0,0,85,8.05,15.56
777,Rouen,76088,Berville-sur-Seine,10.9,6.1,22190.0,8.7,77.57,7.3,29.7,0,0,85,22.23,31.41
778,Rouen,76095,Bihorel,12.4,7.5,25600.0,7.8,3279.6,12.7,87.4,0,0,85,4.35,9.76
779,Rouen,76103,Bonsecours,12.6,4.9,26900.0,6.7,1698.68,12.4,60.2,0,0,85,,
780,Rouen,76108,Bois-Guillaume,12.7,5.6,32370.0,7.2,1620.68,13.5,29.1,0,0,85,4.83,10.23
781,Rouen,76116,Boos,11.3,3.7,25620.0,6.4,285.07,9.9,27.4,0,0,85,11.78,22.03
782,Rouen,76131,La Bouille,10.3,13.6,23950.0,6.2,546.15,16.7,65.8,0,0,85,24.23,24.43
783,Rouen,76157,Canteleu,11.2,8.3,18480.0,9.1,793.52,12.0,185.8,0,0,85,7.01,13.48
784,Rouen,76165,Caudebec-lès-Elbeuf,9.7,11.8,19660.0,8.1,2739.19,12.3,199.6,0,0,85,24.36,29.18
785,Rouen,76178,Cléon,9.7,11.7,19240.0,7.7,754.92,12.0,207.1,0,0,85,25.35,27.29
786,Rouen,76591,Saint-Jacques-sur-Darnétal,11.9,4.6,27720.0,5.1,188.74,8.5,19.2,0,0,85,9.92,16.02
787,Rouen,76599,Saint-Léger-du-Bourg-Denis,11.5,5.5,24510.0,8.5,1300.36,11.9,78.5,0,0,85,5.05,9.04
788,Rouen,76608,Sainte-Marguerite-sur-Duclair,11,3.0,25590.0,6.2,278.36,5.9,19.6,0,0,85,25.65,31.11
789,Rouen,76614,Saint-Martin-de-Boscherville,10.9,4.5,32010.0,5.1,119.46,5.4,11.7,0,0,85,11.4,18.74
790,Rouen,76617,Saint-Martin-du-Vivier,13.4,2.8,36360.0,5.6,334.4,6.5,5.4,0,0,85,6.76,15.6
791,Rouen,76631,Saint-Paër,11.6,4.4,25090.0,5.0,70.98,4.8,25.8,0,0,85,55.68,70.68
792,Rouen,76634,Saint-Pierre-de-Manneville,10.8,4.5,26100.0,3.3,86.08,6.3,9.6,0,0,85,16.63,24.24
793,Rouen,76636,Saint-Pierre-de-Varengeville,10.2,4.3,25000.0,4.7,174.17,6.4,33.3,0,0,85,16.32,23.3
794,Rouen,76640,Saint-Pierre-lès-Elbeuf,11.3,6.7,21990.0,6.7,1294.53,8.8,105.4,0,0,85,29.17,30.28
795,Rouen,76681,Sotteville-lès-Rouen,11.6,6.7,21230.0,7.5,3914.19,11.9,217.0,0,0,85,4.12,9.18
796,Rouen,76682,Sotteville-sous-le-Val,11.1,7.3,25290.0,6.7,140.0,8.2,0.0,0,0,85,22.7,23.61
797,Rouen,76705,Tourville-la-Rivière,12.3,3.9,23500.0,7.8,321.0,11.4,96.9,0,0,85,18.74,17.34
798,Rouen,76709,Le Trait,11.2,8.1,20610.0,7.4,273.14,10.7,108.0,0,0,85,28.58,41.21
799,Rouen,76717,Val-de-la-Haye,10.8,5.3,25200.0,7.5,69.41,4.5,34.1,0,0,85,15.77,25.05
800,Rouen,76750,Yainville,10.9,6.3,22570.0,6.8,314.24,6.8,36.9,0,0,85,25.61,35.67
801,Rouen,76753,Ymare,11.1,2.4,27890.0,5.6,303.0,6.4,12.8,0,0,85,15.04,24.09
802,Rouen,76759,Yville-sur-Seine,10.3,5.8,23770.0,5.6,52.56,8.2,37.3,0,0,85,32.56,34.11
803,Rouen,76498,Le Petit-Quevilly,11.8,10.6,18940.0,9.3,5065.58,14.3,157.8,0,0,85,4.4,8.7
804,Rouen,76513,Quevillon,10.3,2.4,28870.0,5.6,52.68,3.8,0.0,0,0,85,12.47,18.15
805,Rouen,76514,Quévreville-la-Poterie,11.1,3.9,25930.0,5.6,219.57,5.5,16.0,0,0,85,14.79,22.94
806,Rouen,76536,Roncherolles-sur-le-Vivier,13.4,2.8,26060.0,5.6,232.26,7.3,27.8,0,0,85,9.45,15.1
807,Rouen,76540,Rouen,12.7,9.9,21330.0,20.5,5330.98,25.2,128.7,1,0,85,,
808,Rouen,76550,Sahurs,10.3,2.8,25060.0,7.1,108.84,5.9,13.1,0,0,85,18.09,25.53
809,Rouen,76558,Saint-Aubin-Celloville,11.1,3.2,26240.0,4.3,176.27,6.1,13.5,0,0,85,15.11,24.32
810,Rouen,76464,La Neuville-Chant-d'Oisel,11.3,4.8,27350.0,5.3,109.04,4.6,20.7,0,0,85,15.8,25.95
811,Rouen,76561,Saint-Aubin-lès-Elbeuf,10.7,6.8,21590.0,6.4,1453.1,12.0,122.7,0,0,85,26.7,28.36
812,Rouen,76575,Saint-Étienne-du-Rouvray,11.3,7.4,18910.0,11.1,1566.37,14.4,161.5,0,0,85,8.22,12.43
813,Rouen,76560,Saint-Aubin-Épinay,11.4,2.7,26210.0,5.6,103.98,6.9,39.1,0,0,85,7.47,13.13
814,Saint-Étienne,42031,Caloire,10.4,6.7,29190.0,6.7,66.81,5.6,0.0,0,0,165,21.15,25.93
815,Saint-Étienne,42032,Cellieu,10.1,3.9,26190.0,6.7,140.99,9.6,9.6,0,0,165,17.23,17.99
816,Saint-Étienne,42001,Aboën,7.5,8.6,23450.0,5.5,52.56,6.0,0.0,0,0,165,,
817,Saint-Étienne,42043,Chambœuf,9.7,4.0,27920.0,6.2,161.89,5.7,9.2,0,0,165,21.88,25.87
818,Saint-Étienne,42044,Le Chambon-Feugerolles,8.3,10.2,18610.0,7.9,689.49,10.1,140.2,0,0,165,10.21,12.62
819,Saint-Étienne,42053,Châteauneuf,11.4,4.7,26200.0,4.7,122.26,6.5,10.1,0,0,165,328.73,195.06
820,Saint-Étienne,42036,Chagnon,8.9,5.9,25240.0,5.1,205.2,10.4,0.0,0,0,165,26.19,26.28
821,Saint-Étienne,42085,Doizieux,10,11.9,24650.0,6.5,30.32,6.7,0.0,0,0,165,25.32,25.05
822,Saint-Étienne,42092,L'Étrat,10.7,6.4,27460.0,7.2,326.82,16.0,33.9,0,0,165,8.03,14.87
823,Saint-Étienne,42093,Farnay,10.4,3.8,28690.0,6.7,172.15,4.6,12.4,0,0,165,22.48,22.86
824,Saint-Étienne,42095,Firminy,8.9,13.0,19020.0,8.6,1647.79,11.9,183.7,0,0,165,13.87,18.53
825,Saint-Étienne,42096,Fontanès,8.9,5.6,23590.0,8.7,103.03,4.9,0.0,0,0,165,327.98,206.2
826,Saint-Étienne,42005,Andrézieux-Bouthéon,10.9,8.9,22200.0,7.4,624.97,12.1,76.9,0,0,165,16.29,19.32
827,Saint-Étienne,42099,Fraisses,9,8.6,23530.0,7.0,821.52,8.7,37.7,0,0,165,15.6,18.42
828,Saint-Étienne,42100,La Gimond,8.9,6.0,22910.0,5.8,81.76,9.5,0.0,0,0,165,18.27,25.78
829,Saint-Étienne,42103,La Grand-Croix,9.8,9.0,21280.0,8.1,1256.5,10.7,91.0,0,0,165,18.5,17.28
830,Saint-Étienne,42110,L'Horme,9.7,9.1,21200.0,7.6,1101.14,11.1,94.3,0,0,165,17.17,18.29
831,Saint-Étienne,42123,Lorette,9.9,8.2,21450.0,7.1,1416.76,9.9,61.4,0,0,165,911.89,544.91
832,Saint-Étienne,42133,Marcenod,8.9,4.9,24500.0,7.5,76.78,5.6,0.0,0,0,165,22.07,31.62
833,Saint-Étienne,42167,Pavezin,10,7.3,24130.0,4.4,43.48,5.8,0.0,0,0,165,36.42,37.8
834,Saint-Étienne,42183,La Ricamarie,7.8,11.7,17020.0,7.3,1149.43,11.1,250.4,0,0,165,6.33,11.08
835,Saint-Étienne,42186,Rive-de-Gier,9.1,11.1,19320.0,7.7,2084.11,10.4,131.3,0,0,165,23.05,22.66
836,Saint-Étienne,42189,Roche-la-Molière,8.6,6.1,22590.0,7.5,566.84,8.9,66.2,0,0,165,11.01,16.36
837,Saint-Étienne,42192,Rozier-Côtes-d'Aurec,7.5,10.1,22560.0,5.9,30.65,9.5,20.0,0,0,165,33.92,39.02
838,Saint-Étienne,42206,Saint-Bonnet-les-Oules,11.1,3.4,31840.0,5.7,142.58,5.1,4.6,0,0,165,19.22,22.52
839,Saint-Étienne,42207,Saint-Chamond,10.4,13.2,20330.0,8.1,638.76,11.1,133.0,0,0,165,12.11,15.96
840,Saint-Étienne,42208,Saint-Christo-en-Jarez,8.9,6.2,24420.0,5.7,86.97,10.6,8.4,0,0,165,17.16,25.76
841,Saint-Étienne,42210,Sainte-Croix-en-Jarez,10,10.6,24000.0,6.0,40.0,6.5,0.0,0,0,165,32.75,35.7
842,Saint-Étienne,42218,Saint-Étienne,10,12.5,19010.0,13.4,2158.98,18.5,151.2,1,0,165,,
843,Saint-Étienne,42222,Saint-Galmier,10.1,7.0,26680.0,6.6,299.59,12.7,21.8,0,0,165,23.54,28.23
844,Saint-Étienne,42223,Saint-Genest-Lerpt,9.1,6.5,24970.0,6.3,486.85,10.4,42.8,0,0,165,11.53,19.13
845,Saint-Étienne,42225,Genilac,8.9,4.6,25220.0,6.3,441.72,7.1,20.6,0,0,165,24.47,23.18
846,Saint-Étienne,42234,Saint-Héand,9,7.3,25650.0,6.0,117.76,8.9,14.1,0,0,165,12.88,17.94
847,Saint-Étienne,42237,Saint-Jean-Bonnefonds,10.7,6.2,23950.0,7.1,569.91,9.5,55.4,0,0,165,3.87,9.3
848,Saint-Étienne,42242,Saint-Joseph,10.4,7.3,25430.0,7.5,243.46,6.1,23.8,0,0,165,,
849,Saint-Étienne,42259,Saint-Martin-la-Plaine,9.1,6.5,25630.0,7.1,390.1,8.1,8.7,0,0,165,25.75,24.82
850,Saint-Étienne,42262,Saint-Maurice-en-Gourgois,6.6,11.2,24080.0,6.1,57.3,6.4,26.7,0,0,165,25.17,30.67
851,Saint-Étienne,42266,Saint-Nizier-de-Fornas,7.1,1.9,24360.0,7.0,41.26,7.2,12.7,0,0,165,35.79,43.24
852,Saint-Étienne,42270,Saint-Paul-en-Cornillon,9.5,7.7,27970.0,5.7,363.51,8.9,38.8,0,0,165,19.95,23.7
853,Saint-Étienne,42271,Saint-Paul-en-Jarez,10.6,5.9,23630.0,5.9,238.55,8.4,59.2,0,0,165,20.42,19.83
854,Saint-Étienne,42275,Saint-Priest-en-Jarez,10.9,8.9,25120.0,7.3,1988.39,12.2,45.3,0,0,165,5.18,11.4
855,Saint-Étienne,42283,Saint-Romain-en-Jarez,8.9,5.1,24250.0,7.4,71.24,6.6,13.0,0,0,165,23.08,29.55
856,Saint-Étienne,42302,Sorbiers,11.1,6.1,25720.0,6.4,659.18,7.3,53.5,0,0,165,8.32,14.35
857,Saint-Étienne,42305,La Talaudière,10.8,6.1,23700.0,7.5,930.66,11.5,50.0,0,0,165,6.53,11.25
858,Saint-Étienne,42307,Tartaras,11.4,3.1,25780.0,7.2,235.9,7.6,8.2,0,0,165,4377.25,2806.57
859,Saint-Étienne,42308,La Terrasse-sur-Dorlay,10.1,12.7,23310.0,5.6,88.62,10.5,0.0,0,0,165,25.72,26.08
860,Saint-Étienne,42083,Dargoire,9.4,2.5,27540.0,4.2,276.84,2.5,0.0,0,0,165,29.82,27.37
861,Saint-Étienne,42316,Unieux,9.1,12.2,22060.0,6.9,985.93,10.1,77.6,0,0,165,16.22,19.54
862,Saint-Étienne,42320,Valfleury,10.1,8.2,23260.0,7.3,80.57,10.7,11.1,0,0,165,16.61,23.13
863,Saint-Étienne,42322,La Valla-en-Gier,9.5,10.0,23150.0,4.5,31.38,8.5,15.6,0,0,165,18.73,22.77
864,Saint-Étienne,42330,Villars,9.4,6.5,23540.0,6.8,1365.44,9.5,53.6,0,0,165,8.2,13.01
865,Saint-Étienne,42097,La Fouillouse,10,7.6,26800.0,7.4,225.97,9.7,41.8,0,0,165,60.77,53.38
866,Saint-Étienne,42311,La Tour-en-Jarez,11.3,3.7,30650.0,5.3,294.6,8.7,50.2,0,0,165,6.7,13.05
867,Strasbourg,67001,Achenheim,13.9,2.8,28520.0,6.0,417.33,8.8,20.0,0,0,106,12.37,18.43
868,Strasbourg,67065,Breuschwickersheim,13,7.9,27730.0,4.9,262.16,12.0,6.3,0,0,106,14.2,21.12
869,Strasbourg,67118,Eckbolsheim,13.2,5.2,25540.0,6.6,1358.3,10.9,51.0,0,0,106,7.33,12.28
870,Strasbourg,67043,Bischheim,13.5,6.1,19700.0,9.5,4077.05,11.4,151.5,0,0,106,7.3,16.21
871,Strasbourg,67124,Entzheim,14.6,4.4,26100.0,7.2,307.32,12.6,24.2,0,0,106,,
872,Strasbourg,67131,Eschau,13.9,5.1,27100.0,6.9,486.95,9.8,47.4,0,0,106,373.8,219.79
873,Strasbourg,67137,Fegersheim,13.8,5.3,26570.0,6.7,931.77,9.0,32.6,0,0,106,12.62,16.73
874,Strasbourg,67119,Eckwersheim,13.5,5.2,29240.0,6.5,187.07,8.1,17.1,0,0,106,22.17,26.07
875,Strasbourg,67182,Hangenbieten,13.9,8.4,28050.0,6.3,424.39,17.1,16.9,0,0,106,18.72,24.32
876,Strasbourg,67204,Hœnheim,14.2,6.1,22500.0,7.7,3373.24,9.3,93.7,0,0,106,7.77,17.83
877,Strasbourg,67212,Holtzheim,13.7,5.6,26950.0,6.3,569.71,11.6,19.5,0,0,106,15.88,19.24
878,Strasbourg,67218,Illkirch-Graffenstaden,14.2,9.7,24190.0,11.1,1221.53,13.9,72.6,0,0,106,7.44,15.8
879,Strasbourg,67247,Kolbsheim,13,8.5,28930.0,6.6,303.64,10.0,16.2,0,0,106,17.02,24.27
880,Strasbourg,67049,Blaesheim,13.4,4.5,29530.0,5.3,135.6,6.2,5.8,0,0,106,18.17,21.21
881,Strasbourg,67267,Lingolsheim,13.6,4.9,22260.0,7.7,3555.44,11.3,93.0,0,0,106,7.02,15.78
882,Strasbourg,67268,Lipsheim,14.9,5.6,28160.0,6.9,534.0,8.3,20.3,0,0,106,14.02,18.29
883,Strasbourg,67296,Mittelhausbergen,14.7,5.4,31010.0,6.0,1231.76,14.4,15.4,0,0,106,11.32,16.05
884,Strasbourg,67309,Mundolsheim,13.3,6.7,27220.0,5.9,1237.56,14.9,41.5,0,0,106,13.25,19.83
885,Strasbourg,67326,Niederhausbergen,14.3,5.2,29950.0,6.0,539.68,10.6,18.9,0,0,106,10.09,18.66
886,Strasbourg,67343,Oberhausbergen,14.1,10.2,26410.0,6.5,1462.11,16.2,43.5,0,0,106,10.15,14.24
887,Strasbourg,67350,Oberschaeffolsheim,14.2,14.7,27610.0,5.6,341.05,11.1,16.6,0,0,106,10.58,16.48
888,Strasbourg,67363,Osthoffen,13,4.3,29230.0,7.1,157.25,6.8,0.0,0,0,106,18.17,23.61
889,Strasbourg,67365,Ostwald,13.8,4.5,22150.0,9.4,1874.65,10.6,115.5,0,0,106,8.34,16.95
890,Strasbourg,67378,Plobsheim,14.1,5.2,27380.0,6.2,269.46,7.2,43.2,0,0,106,13.36,19.32
891,Strasbourg,67389,Reichstett,12.4,4.5,25920.0,6.1,575.79,8.2,61.9,0,0,106,14.08,20.54
892,Strasbourg,67447,Schiltigheim,13.5,7.8,19660.0,9.4,4490.66,13.7,145.7,0,0,106,6.24,14.31
893,Strasbourg,67471,Souffelweyersheim,14,5.0,26470.0,6.4,1804.44,9.0,54.9,0,0,106,10.18,19.11
894,Strasbourg,67482,Strasbourg,14.5,8.5,20260.0,16.4,3720.47,18.6,140.8,1,0,106,,
895,Strasbourg,67506,Vendenheim,12.7,4.8,26160.0,7.9,380.0,10.4,64.4,0,0,106,14.56,22.19
896,Strasbourg,67519,La Wantzenau,14.3,6.0,30220.0,5.3,232.05,7.2,27.2,0,0,106,14.08,22.31
897,Strasbourg,67551,Wolfisheim,13.2,6.0,26060.0,6.7,743.75,10.8,37.0,0,0,106,8.87,12.52
898,Strasbourg,67256,Lampertheim,14,5.1,29820.0,6.1,523.94,9.7,28.1,0,0,106,173.92,101.44
899,Strasbourg,67152,Geispolsheim,14.4,5.5,25970.0,6.4,345.59,9.2,51.9,0,0,106,13.28,18.18
900,Toulon,83137,Toulon,13.7,3.6,20960.0,8.2,4216.17,13.2,153.0,1,0,230,,
901,Toulon,83144,La Valette-du-Var,14.6,6.4,23810.0,7.1,1545.48,14.9,61.3,0,0,230,5.13,7.24
902,Toulon,83034,Carqueiranne,17.6,5.4,27440.0,5.2,649.45,11.6,50.3,0,0,230,20.4,22.05
903,Toulon,83047,La Crau,14.5,3.6,25280.0,6.9,506.04,11.5,50.6,0,0,230,14.33,18.01
904,Toulon,83062,La Garde,15.7,5.0,23560.0,10.8,1671.74,16.1,72.8,0,0,230,6.18,9.93
905,Toulon,83153,Saint-Mandrier-sur-Mer,15.4,3.2,23750.0,22.4,1191.96,12.3,48.2,0,0,230,15.5,25.91
906,Toulon,83090,Ollioules,13.5,5.6,25060.0,6.3,704.07,10.3,89.5,0,0,230,10.42,15.3
907,Toulon,83098,Le Pradet,15.1,4.5,25660.0,6.0,1072.8,9.7,58.3,0,0,230,8.07,14.09
908,Toulon,83103,Le Revest-les-Eaux,14.2,7.0,27590.0,5.6,166.06,10.0,42.6,0,0,230,7.49,12.62
909,Toulon,83069,Hyères,15,6.1,22960.0,6.6,416.19,12.8,95.9,0,0,230,17.28,16.72
910,Toulon,83126,La Seyne-sur-Mer,13.9,9.5,21400.0,6.5,2827.16,11.7,151.5,0,0,230,9.0,15.83
911,Toulon,83129,Six-Fours-les-Plages,15.7,4.2,24660.0,4.9,1361.02,10.7,70.0,0,0,230,13.0,18.34
912,Toulouse,31003,Aigrefeuille,12.8,1.3,32490.0,6.9,278.26,8.1,16.5,0,0,250,18.57,36.08
913,Toulouse,31032,Aussonne,11.8,5.3,26070.0,6.9,540.94,19.3,83.9,0,0,250,17.63,26.1
914,Toulouse,31053,Beaupuy,11,3.6,30020.0,4.8,217.76,3.8,13.3,0,0,250,44.96,44.75
915,Toulouse,31022,Aucamville,12.2,6.7,22860.0,8.2,2337.25,17.5,93.8,0,0,250,22.01,24.85
916,Toulouse,31069,Blagnac,13,4.1,25350.0,10.0,1566.04,16.7,76.7,0,0,250,10.75,21.24
917,Toulouse,31088,Brax,11,4.4,30110.0,6.0,655.68,8.5,40.2,0,0,250,4714.62,2698.2
918,Toulouse,31091,Bruguières,11.3,5.8,25540.0,6.1,661.89,14.6,53.7,0,0,250,18.12,24.91
919,Toulouse,31056,Beauzelle,12.4,6.8,24650.0,8.2,1740.0,18.5,92.8,0,0,250,15.74,26.66
920,Toulouse,31149,Colomiers,12.4,1.2,23690.0,7.9,1930.72,13.4,105.3,0,0,250,11.5,18.69
921,Toulouse,31150,Cornebarrieu,12.1,7.3,25600.0,6.9,436.58,13.8,86.1,0,0,250,16.25,29.46
922,Toulouse,31157,Cugnaux,12,5.1,23980.0,8.1,1564.69,15.2,104.8,0,0,250,16.11,25.13
923,Toulouse,31163,Drémil-Lafage,12.8,4.2,30000.0,5.5,211.04,6.6,23.6,0,0,250,18.63,37.74
924,Toulouse,31182,Fenouillet,11.5,7.2,22940.0,7.6,588.95,14.8,93.2,0,0,250,162.13,149.84
925,Toulouse,31184,Flourens,12.7,3.4,29110.0,4.4,214.54,6.9,31.8,0,0,250,15.02,33.17
926,Toulouse,31044,Balma,13,6.0,28580.0,9.4,1047.29,13.6,45.9,0,0,250,8.45,23.54
927,Toulouse,31205,Gagnac-sur-Garonne,11.5,5.4,25090.0,6.9,742.33,9.8,33.9,0,0,250,15.25,26.47
928,Toulouse,31230,Gratentour,11.3,4.7,25020.0,5.7,1146.1,13.0,60.5,0,0,250,21.0,30.25
929,Toulouse,31282,Launaguet,12,5.9,23290.0,7.9,1322.86,12.7,86.0,0,0,250,13.48,22.79
930,Toulouse,31293,Lespinasse,11.5,4.1,24570.0,6.9,694.05,13.1,60.4,0,0,250,568.82,343.69
931,Toulouse,31351,Mondonville,11.5,8.3,23920.0,8.2,477.31,27.6,80.7,0,0,250,596.9,342.07
932,Toulouse,31116,Castelginest,11.6,5.7,23790.0,6.5,1342.72,15.6,79.5,0,0,250,14.92,27.49
933,Toulouse,31355,Mons,12.8,2.6,33530.0,6.4,249.32,5.4,12.9,0,0,250,922.19,527.29
934,Toulouse,31389,Montrabé,11.9,5.6,28350.0,6.8,805.96,9.8,29.7,0,0,250,17.88,28.58
935,Toulouse,31417,Pibrac,11.8,5.0,30690.0,5.3,335.06,10.6,50.1,0,0,250,17.31,24.48
936,Toulouse,31418,Pin-Balma,12.7,4.4,35860.0,4.9,149.85,6.1,33.4,0,0,250,12.66,29.93
937,Toulouse,31445,Quint-Fonsegrives,13.3,3.9,28470.0,6.0,811.49,17.5,36.0,0,0,250,13.28,31.16
938,Toulouse,31467,Saint-Alban,11.5,8.6,23010.0,6.5,1500.93,15.5,69.2,0,0,250,19.72,23.47
939,Toulouse,31488,Saint-Jean,12.7,5.0,25940.0,5.6,1905.59,12.2,49.4,0,0,250,,
940,Toulouse,31490,Saint-Jory,11.2,6.3,22560.0,7.8,384.61,14.2,105.3,0,0,250,20.13,26.6
941,Toulouse,31506,Saint-Orens-de-Gameville,12.6,5.5,26190.0,7.0,1050.84,14.3,63.4,0,0,250,12.73,30.71
942,Toulouse,31541,Seilh,12.2,8.6,30250.0,7.0,526.77,16.3,26.5,0,0,250,16.1,25.46
943,Toulouse,31555,Toulouse,13.5,8.2,22140.0,18.7,4261.01,24.0,105.1,1,0,250,,
944,Toulouse,31557,Tournefeuille,12.6,4.4,29020.0,6.8,1617.53,12.6,70.9,0,0,250,11.97,22.93
945,Toulouse,31561,L'Union,12.8,6.1,27930.0,6.2,1817.35,9.4,54.9,0,0,250,13.71,21.57
946,Toulouse,31588,Villeneuve-Tolosane,11.7,6.0,24100.0,6.6,2033.14,15.3,92.7,0,0,250,18.71,26.61
947,Toulouse,31352,Mondouzil,12.8,6.2,31680.0,8.4,52.44,8.0,72.8,0,0,250,20.6,31.1
948,Toulouse,31186,Fonbeauzard,11.9,8.0,23240.0,6.6,2283.08,18.2,55.8,0,0,250,13.29,24.75
949,Tours,37025,Berthenay,10.4,3.8,25630.0,7.5,96.11,5.8,21.8,0,0,95,14.77,23.13
950,Tours,37050,Chambray-lès-Tours,12.6,4.0,24280.0,10.6,597.37,14.1,72.0,0,0,95,8.91,12.39
951,Tours,37054,Chanceaux-sur-Choisille,9.2,3.2,25710.0,6.6,190.22,7.8,25.3,0,0,95,15.7,18.89
952,Tours,37109,Fondettes,12,4.5,28030.0,6.7,337.77,9.0,35.6,0,0,95,10.69,16.5
953,Tours,37122,Joué-lès-Tours,11.1,5.6,21520.0,9.7,1178.49,13.4,123.8,0,0,95,10.53,14.05
954,Tours,37139,Luynes,10.4,5.4,25790.0,6.2,149.26,8.5,33.3,0,0,95,14.54,19.94
955,Tours,37018,Ballan-Miré,12,4.0,26590.0,5.7,313.63,10.6,32.0,0,0,95,12.23,16.43
956,Tours,37152,Mettray,10.9,3.9,27460.0,4.8,200.19,8.7,66.0,0,0,95,12.86,17.48
957,Tours,37172,Notre-Dame-d'Oé,11.7,4.1,25460.0,6.1,544.29,8.4,27.8,0,0,95,12.71,17.56
958,Tours,37179,Parçay-Meslay,9.2,4.9,25720.0,5.9,181.21,7.8,15.9,0,0,95,9.29,15.85
959,Tours,37151,La Membrolle-sur-Choisille,11.8,3.6,27100.0,5.5,476.96,11.1,35.7,0,0,95,10.96,14.11
960,Tours,37203,Rochecorbon,11.5,10.3,27830.0,6.0,191.67,10.2,41.7,0,0,95,8.47,16.37
961,Tours,37208,Saint-Avertin,12.1,5.4,28660.0,5.9,1136.36,10.6,45.3,0,0,95,7.8,12.6
962,Tours,37214,Saint-Cyr-sur-Loire,12.4,6.8,27110.0,6.8,1259.56,11.8,38.7,0,0,95,5.61,14.05
963,Tours,37217,Saint-Étienne-de-Chigny,9.5,5.9,24020.0,4.5,76.49,9.3,34.8,0,0,95,,
964,Tours,37219,Saint-Genouph,10.4,6.6,25490.0,6.2,218.09,5.6,15.1,0,0,95,9.16,16.07
965,Tours,37233,Saint-Pierre-des-Corps,11.2,8.1,19240.0,8.0,1407.88,11.3,197.1,0,0,95,5.35,11.47
966,Tours,37243,Savonnières,10.4,6.3,27530.0,4.6,199.64,8.9,24.1,0,0,95,520.2,319.67
967,Tours,37261,Tours,12.7,10.3,21250.0,18.0,3967.09,21.5,118.6,1,0,95,,
968,Tours,37272,Villandry,10.4,6.5,26000.0,5.3,63.82,8.5,19.9,0,0,95,26.89,26.05
969,Tours,37099,Druye,9.5,6.6,24340.0,4.8,42.49,11.1,8.1,0,0,95,20.44,20.71
970,Tours,37195,La Riche,12.3,5.8,21670.0,17.1,1259.15,19.4,134.4,0,0,95,5.87,11.07
